#,name,japanese,romanization,registered_romanization,API_link,Type 1,Type 2,HP,Attack,Defense,Sp. Atk,Sp. Def,Speed,Generation,Legendary
001,bulbasaur,フシギダネ,fushigidane,fushigidane,https://pokeapi.co/api/v2/pokemon/1/,Grass,Poison,45.0,49.0,49.0,65.0,65.0,45.0,1.0,False
002,ivysaur,フシギソウ,fushigiso,fushigisō,https://pokeapi.co/api/v2/pokemon/2/,Grass,Poison,60.0,62.0,63.0,80.0,80.0,60.0,1.0,False
003,venusaur,フシギバナ,fushigibana,fushigibana,https://pokeapi.co/api/v2/pokemon/3/,Grass,Poison,80.0,82.0,83.0,100.0,100.0,80.0,1.0,False
004,charmander,ヒトカゲ,hitokage,hitokage,https://pokeapi.co/api/v2/pokemon/4/,Fire,,39.0,52.0,43.0,60.0,50.0,65.0,1.0,False
005,charmeleon,リザード,rizado,rizādo,https://pokeapi.co/api/v2/pokemon/5/,Fire,,58.0,64.0,58.0,80.0,65.0,80.0,1.0,False
006,charizard,リザードン,rizado,rizādon,https://pokeapi.co/api/v2/pokemon/6/,Fire,Flying,78.0,84.0,78.0,109.0,85.0,100.0,1.0,False
007,squirtle,ゼニガメ,zenigame,zenigame,https://pokeapi.co/api/v2/pokemon/7/,Water,,44.0,48.0,65.0,50.0,64.0,43.0,1.0,False
008,wartortle,カメール,kameru,kamēru,https://pokeapi.co/api/v2/pokemon/8/,Water,,59.0,63.0,80.0,65.0,80.0,58.0,1.0,False
009,blastoise,カメックス,kamekkusu,kamex,https://pokeapi.co/api/v2/pokemon/9/,Water,,79.0,83.0,100.0,85.0,105.0,78.0,1.0,False
010,caterpie,キャタピー,kyatapi,kyatapī,https://pokeapi.co/api/v2/pokemon/10/,Bug,,45.0,30.0,35.0,20.0,20.0,45.0,1.0,False
011,metapod,トランセル,toranseru,trancell,https://pokeapi.co/api/v2/pokemon/11/,Bug,,50.0,20.0,55.0,25.0,25.0,30.0,1.0,False
012,butterfree,バタフリー,batafuri,batafurī,https://pokeapi.co/api/v2/pokemon/12/,Bug,Flying,60.0,45.0,50.0,90.0,80.0,70.0,1.0,False
013,weedle,ビードル,bidoru,bīdoru,https://pokeapi.co/api/v2/pokemon/13/,Bug,Poison,40.0,35.0,30.0,20.0,20.0,50.0,1.0,False
014,kakuna,コクーン,kokun,kokūn,https://pokeapi.co/api/v2/pokemon/14/,Bug,Poison,45.0,25.0,50.0,25.0,25.0,35.0,1.0,False
015,beedrill,スピアー,supia,supiā,https://pokeapi.co/api/v2/pokemon/15/,Bug,Poison,65.0,90.0,40.0,45.0,80.0,75.0,1.0,False
016,pidgey,ポッポ,poppo,poppo,https://pokeapi.co/api/v2/pokemon/16/,Normal,Flying,40.0,45.0,40.0,35.0,35.0,56.0,1.0,False
017,pidgeotto,ピジョン,pijon,pigeon,https://pokeapi.co/api/v2/pokemon/17/,Normal,Flying,63.0,60.0,55.0,50.0,50.0,71.0,1.0,False
018,pidgeot,ピジョット,pijotto,pigeot,https://pokeapi.co/api/v2/pokemon/18/,Normal,Flying,83.0,80.0,75.0,70.0,70.0,101.0,1.0,False
019,rattata,コラッタ,koratta,koratta,https://pokeapi.co/api/v2/pokemon/19/,Normal,,30.0,56.0,35.0,25.0,35.0,72.0,1.0,False
020,raticate,ラッタ,ratta,ratta,https://pokeapi.co/api/v2/pokemon/20/,Normal,,55.0,81.0,60.0,50.0,70.0,97.0,1.0,False
021,spearow,オニスズメ,onisuzume,onisuzume,https://pokeapi.co/api/v2/pokemon/21/,Normal,Flying,40.0,60.0,30.0,31.0,31.0,70.0,1.0,False
022,fearow,オニドリル,onidoriru,onidrill,https://pokeapi.co/api/v2/pokemon/22/,Normal,Flying,65.0,90.0,65.0,61.0,61.0,100.0,1.0,False
023,ekans,アーボ,abo,ābo,https://pokeapi.co/api/v2/pokemon/23/,Poison,,35.0,60.0,44.0,40.0,54.0,55.0,1.0,False
024,arbok,アーボック,abokku,ābokku,https://pokeapi.co/api/v2/pokemon/24/,Poison,,60.0,85.0,69.0,65.0,79.0,80.0,1.0,False
025,pikachu,ピカチュウ,pikachu,pikachū,https://pokeapi.co/api/v2/pokemon/25/,Electric,,35.0,55.0,40.0,50.0,50.0,90.0,1.0,False
026,raichu,ライチュウ,raichu,raichū,https://pokeapi.co/api/v2/pokemon/26/,Electric,,60.0,90.0,55.0,90.0,80.0,110.0,1.0,False
027,sandshrew,サンド,sando,sand,https://pokeapi.co/api/v2/pokemon/27/,Ground,,50.0,75.0,85.0,20.0,30.0,40.0,1.0,False
028,sandslash,サンドパン,sandopan,sandpan,https://pokeapi.co/api/v2/pokemon/28/,Ground,,75.0,100.0,110.0,45.0,55.0,65.0,1.0,False
029,nidoran♀,ニドラン♀,nidoran♀,nidoran♀,,Poison,,55.0,47.0,52.0,40.0,40.0,41.0,1.0,False
030,nidorina,ニドリーナ,nidorina,nidorīna,https://pokeapi.co/api/v2/pokemon/30/,Poison,,70.0,62.0,67.0,55.0,55.0,56.0,1.0,False
031,nidoqueen,ニドクイン,nidokuin,nidoqueen,https://pokeapi.co/api/v2/pokemon/31/,Poison,Ground,90.0,92.0,87.0,75.0,85.0,76.0,1.0,False
032,nidoran♂,ニドラン♂,nidoran♂,nidoran♂,,Poison,,46.0,57.0,40.0,40.0,40.0,50.0,1.0,False
033,nidorino,ニドリーノ,nidorino,nidorīno,https://pokeapi.co/api/v2/pokemon/33/,Poison,,61.0,72.0,57.0,55.0,55.0,65.0,1.0,False
034,nidoking,ニドキング,nidokingu,nidoking,https://pokeapi.co/api/v2/pokemon/34/,Poison,Ground,81.0,102.0,77.0,85.0,75.0,85.0,1.0,False
035,clefairy,ピッピ,pippi,pippi,https://pokeapi.co/api/v2/pokemon/35/,Fairy,,70.0,45.0,48.0,60.0,65.0,35.0,1.0,False
036,clefable,ピクシー,pikushi,pikushī,https://pokeapi.co/api/v2/pokemon/36/,Fairy,,95.0,70.0,73.0,95.0,90.0,60.0,1.0,False
037,vulpix,ロコン,rokon,rokon,https://pokeapi.co/api/v2/pokemon/37/,Fire,,38.0,41.0,40.0,50.0,65.0,65.0,1.0,False
038,ninetales,キュウコン,kyukonkyūkon,kyukon,https://pokeapi.co/api/v2/pokemon/38/,Fire,,73.0,76.0,75.0,81.0,100.0,100.0,1.0,False
039,jigglypuff,プリン,purin,purin,https://pokeapi.co/api/v2/pokemon/39/,Normal,Fairy,115.0,45.0,20.0,45.0,25.0,20.0,1.0,False
040,wigglytuff,プクリン,pukurin,pukurin,https://pokeapi.co/api/v2/pokemon/40/,Normal,Fairy,140.0,70.0,45.0,85.0,50.0,45.0,1.0,False
041,zubat,ズバット,zubatto,zubat,https://pokeapi.co/api/v2/pokemon/41/,Poison,Flying,40.0,45.0,35.0,30.0,40.0,55.0,1.0,False
042,golbat,ゴルバット,gorubatto,golbat,https://pokeapi.co/api/v2/pokemon/42/,Poison,Flying,75.0,80.0,70.0,65.0,75.0,90.0,1.0,False
043,oddish,ナゾノクサ,nazonokusa,nazonokusa,https://pokeapi.co/api/v2/pokemon/43/,Grass,Poison,45.0,50.0,55.0,75.0,65.0,30.0,1.0,False
044,gloom,クサイハナ,kusaihana,kusaihana,https://pokeapi.co/api/v2/pokemon/44/,Grass,Poison,60.0,65.0,70.0,85.0,75.0,40.0,1.0,False
045,vileplume,ラフレシア,rafureshia,ruffresia,https://pokeapi.co/api/v2/pokemon/45/,Grass,Poison,75.0,80.0,85.0,110.0,90.0,50.0,1.0,False
046,paras,パラス,parasu,paras,https://pokeapi.co/api/v2/pokemon/46/,Bug,Grass,35.0,70.0,55.0,45.0,55.0,25.0,1.0,False
047,parasect,パラセクト,parasekuto,parasect,https://pokeapi.co/api/v2/pokemon/47/,Bug,Grass,60.0,95.0,80.0,60.0,80.0,30.0,1.0,False
048,venonat,コンパン,konpan,kongpang,https://pokeapi.co/api/v2/pokemon/48/,Bug,Poison,60.0,55.0,50.0,40.0,55.0,45.0,1.0,False
049,venomoth,モルフォン,morufon,morphon,https://pokeapi.co/api/v2/pokemon/49/,Bug,Poison,70.0,65.0,60.0,90.0,75.0,90.0,1.0,False
050,diglett,ディグダ,diguda,digda,https://pokeapi.co/api/v2/pokemon/50/,Ground,,10.0,55.0,25.0,35.0,45.0,95.0,1.0,False
051,dugtrio,ダグトリオ,dagutorio,dugtrio,https://pokeapi.co/api/v2/pokemon/51/,Ground,,35.0,80.0,50.0,50.0,70.0,120.0,1.0,False
052,meowth,ニャース,nyasu,nyāsu,https://pokeapi.co/api/v2/pokemon/52/,Normal,,40.0,45.0,35.0,40.0,40.0,90.0,1.0,False
053,persian,ペルシアン,perushian,persian,https://pokeapi.co/api/v2/pokemon/53/,Normal,,65.0,70.0,60.0,65.0,65.0,115.0,1.0,False
054,psyduck,コダック,kodakku,koduck,https://pokeapi.co/api/v2/pokemon/54/,Water,,50.0,52.0,48.0,65.0,50.0,55.0,1.0,False
055,golduck,ゴルダック,gorudakku,golduck,https://pokeapi.co/api/v2/pokemon/55/,Water,,80.0,82.0,78.0,95.0,80.0,85.0,1.0,False
056,mankey,マンキー,manki,mankī,https://pokeapi.co/api/v2/pokemon/56/,Fighting,,40.0,80.0,35.0,35.0,45.0,70.0,1.0,False
057,primeape,オコリザル,okorizaru,okorizaru,https://pokeapi.co/api/v2/pokemon/57/,,,,,,,,,,
058,growlithe,ガーディ,gadi,gādi,https://pokeapi.co/api/v2/pokemon/58/,Fire,,55.0,70.0,45.0,70.0,50.0,60.0,1.0,False
059,arcanine,ウインディ,uindi,windie,https://pokeapi.co/api/v2/pokemon/59/,Fire,,90.0,110.0,80.0,100.0,80.0,95.0,1.0,False
060,poliwag,ニョロモ,nyoromo,nyoromo,https://pokeapi.co/api/v2/pokemon/60/,Water,,40.0,50.0,40.0,40.0,40.0,90.0,1.0,False
061,poliwhirl,ニョロゾ,nyorozo,nyorozo,https://pokeapi.co/api/v2/pokemon/61/,Water,,65.0,65.0,65.0,50.0,50.0,90.0,1.0,False
062,poliwrath,ニョロボン,nyorobon,nyorobon,https://pokeapi.co/api/v2/pokemon/62/,Water,Fighting,90.0,95.0,95.0,70.0,90.0,70.0,1.0,False
063,abra,ケーシィ,keshii,kēshii,https://pokeapi.co/api/v2/pokemon/63/,Psychic,,25.0,20.0,15.0,105.0,55.0,90.0,1.0,False
064,kadabra,ユンゲラー,yungera,yungerā,https://pokeapi.co/api/v2/pokemon/64/,Psychic,,40.0,35.0,30.0,120.0,70.0,105.0,1.0,False
065,alakazam,フーディン,fudin,fūdin,https://pokeapi.co/api/v2/pokemon/65/,Psychic,,55.0,50.0,45.0,135.0,95.0,120.0,1.0,False
066,machop,ワンリキー,wanriki,wanrikī,https://pokeapi.co/api/v2/pokemon/66/,Fighting,,70.0,80.0,50.0,35.0,35.0,35.0,1.0,False
067,machoke,ゴーリキー,goriki,gōrikī,https://pokeapi.co/api/v2/pokemon/67/,Fighting,,80.0,100.0,70.0,50.0,60.0,45.0,1.0,False
068,machamp,カイリキー,kairiki,kairikī,https://pokeapi.co/api/v2/pokemon/68/,Fighting,,90.0,130.0,80.0,65.0,85.0,55.0,1.0,False
069,bellsprout,マダツボミ,madatsubomi,madatsubomi,https://pokeapi.co/api/v2/pokemon/69/,Grass,Poison,50.0,75.0,35.0,70.0,30.0,40.0,1.0,False
070,weepinbell,ウツドン,utsudon,utsudon,https://pokeapi.co/api/v2/pokemon/70/,Grass,Poison,65.0,90.0,50.0,85.0,45.0,55.0,1.0,False
071,victreebel,ウツボット,utsubotto,utsubot,https://pokeapi.co/api/v2/pokemon/71/,Grass,Poison,80.0,105.0,65.0,100.0,70.0,70.0,1.0,False
072,tentacool,メノクラゲ,menokurage,menokurage,https://pokeapi.co/api/v2/pokemon/72/,Water,Poison,40.0,40.0,35.0,50.0,100.0,70.0,1.0,False
073,tentacruel,ドククラゲ,dokukurage,dokukurage,https://pokeapi.co/api/v2/pokemon/73/,Water,Poison,80.0,70.0,65.0,80.0,120.0,100.0,1.0,False
074,geodude,イシツブテ,ishitsubute,ishitsubute,https://pokeapi.co/api/v2/pokemon/74/,Rock,Ground,40.0,80.0,100.0,30.0,30.0,20.0,1.0,False
075,graveler,ゴローン,goron,gorōn,https://pokeapi.co/api/v2/pokemon/75/,Rock,Ground,55.0,95.0,115.0,45.0,45.0,35.0,1.0,False
076,golem,ゴローニャ,goronya,gorōnya,https://pokeapi.co/api/v2/pokemon/76/,Rock,Ground,80.0,120.0,130.0,55.0,65.0,45.0,1.0,False
077,ponyta,ポニータ,ponita,ponīta,https://pokeapi.co/api/v2/pokemon/77/,Fire,,50.0,85.0,55.0,65.0,65.0,90.0,1.0,False
078,rapidash,ギャロップ,gyaroppu,gallop,https://pokeapi.co/api/v2/pokemon/78/,Fire,,65.0,100.0,70.0,80.0,80.0,105.0,1.0,False
079,slowpoke,ヤドン,yadon,yadon,https://pokeapi.co/api/v2/pokemon/79/,Water,Psychic,90.0,65.0,65.0,40.0,40.0,15.0,1.0,False
080,slowbro,ヤドラン,yadoran,yadoran,https://pokeapi.co/api/v2/pokemon/80/,Water,Psychic,95.0,75.0,110.0,100.0,80.0,30.0,1.0,False
081,magnemite,コイル,koiru,coil,https://pokeapi.co/api/v2/pokemon/81/,Electric,Steel,25.0,35.0,70.0,95.0,55.0,45.0,1.0,False
082,magneton,レアコイル,reakoiru,rarecoil,https://pokeapi.co/api/v2/pokemon/82/,Electric,Steel,50.0,60.0,95.0,120.0,70.0,70.0,1.0,False
083,farfetch’d,カモネギ,kamonegi,kamonegi,,,,,,,,,,,
084,doduo,ドードー,dodo,dōdō,https://pokeapi.co/api/v2/pokemon/84/,Normal,Flying,35.0,85.0,45.0,35.0,35.0,75.0,1.0,False
085,dodrio,ドードリオ,dodorio,dōdorio,https://pokeapi.co/api/v2/pokemon/85/,Normal,Flying,60.0,110.0,70.0,60.0,60.0,100.0,1.0,False
086,seel,パウワウ,pauwau,pawou,https://pokeapi.co/api/v2/pokemon/86/,Water,,65.0,45.0,55.0,45.0,70.0,45.0,1.0,False
087,dewgong,ジュゴン,jugon,jugon,https://pokeapi.co/api/v2/pokemon/87/,Water,Ice,90.0,70.0,80.0,70.0,95.0,70.0,1.0,False
088,grimer,ベトベター,betobeta,betobetā,https://pokeapi.co/api/v2/pokemon/88/,Poison,,80.0,80.0,50.0,40.0,50.0,25.0,1.0,False
089,muk,ベトベトン,betobeton,betbeton,https://pokeapi.co/api/v2/pokemon/89/,Poison,,105.0,105.0,75.0,65.0,100.0,50.0,1.0,False
090,shellder,シェルダー,sheruda,sherudā,https://pokeapi.co/api/v2/pokemon/90/,Water,,30.0,65.0,100.0,45.0,25.0,40.0,1.0,False
091,cloyster,パルシェン,parushen,parshen,https://pokeapi.co/api/v2/pokemon/91/,Water,Ice,50.0,95.0,180.0,85.0,45.0,70.0,1.0,False
092,gastly,ゴース,gosu,gōsu,https://pokeapi.co/api/v2/pokemon/92/,Ghost,Poison,30.0,35.0,30.0,100.0,35.0,80.0,1.0,False
093,haunter,ゴースト,ghosuto,gōsuto,https://pokeapi.co/api/v2/pokemon/93/,Ghost,Poison,45.0,50.0,45.0,115.0,55.0,95.0,1.0,False
094,gengar,ゲンガー,genga,gengā,https://pokeapi.co/api/v2/pokemon/94/,Ghost,Poison,60.0,65.0,60.0,130.0,75.0,110.0,1.0,False
095,onix,イワーク,iwaku,iwāku,https://pokeapi.co/api/v2/pokemon/95/,Rock,Ground,35.0,45.0,160.0,30.0,45.0,70.0,1.0,False
096,drowzee,スリープ,suripu,surīpu,https://pokeapi.co/api/v2/pokemon/96/,Psychic,,60.0,48.0,45.0,43.0,90.0,42.0,1.0,False
097,hypno,スリーパー,suripa,surīpā,https://pokeapi.co/api/v2/pokemon/97/,Psychic,,85.0,73.0,70.0,73.0,115.0,67.0,1.0,False
098,krabby,クラブ,kurabu,crab,https://pokeapi.co/api/v2/pokemon/98/,Water,,30.0,105.0,90.0,25.0,25.0,50.0,1.0,False
099,kingler,キングラー,kingura,kingurā,https://pokeapi.co/api/v2/pokemon/99/,Water,,55.0,130.0,115.0,50.0,50.0,75.0,1.0,False
100,voltorb,ビリリダマ,biriridama,biriridama,https://pokeapi.co/api/v2/pokemon/100/,Electric,,40.0,30.0,50.0,55.0,55.0,100.0,1.0,False
101,electrode,マルマイン,marumain,marumine,https://pokeapi.co/api/v2/pokemon/101/,Electric,,60.0,50.0,70.0,80.0,80.0,140.0,1.0,False
102,exeggcute,タマタマ,tamatama,tamatama,https://pokeapi.co/api/v2/pokemon/102/,Grass,Psychic,60.0,40.0,80.0,60.0,45.0,40.0,1.0,False
103,exeggutor,ナッシー,nasshi,nasshī,https://pokeapi.co/api/v2/pokemon/103/,Grass,Psychic,95.0,95.0,85.0,125.0,65.0,55.0,1.0,False
104,cubone,カラカラ,karakara,karakara,https://pokeapi.co/api/v2/pokemon/104/,Ground,,50.0,50.0,95.0,40.0,50.0,35.0,1.0,False
105,marowak,ガラガラ,garagara,garagara,https://pokeapi.co/api/v2/pokemon/105/,Ground,,60.0,80.0,110.0,50.0,80.0,45.0,1.0,False
106,hitmonlee,サワムラー,sawamura,sawamurā,https://pokeapi.co/api/v2/pokemon/106/,Fighting,,50.0,120.0,53.0,35.0,110.0,87.0,1.0,False
107,hitmonchan,エビワラー,ebiwara,ebiwarā,https://pokeapi.co/api/v2/pokemon/107/,Fighting,,50.0,105.0,79.0,35.0,110.0,76.0,1.0,False
108,lickitung,ベロリンガ,beroringa,beroringa,https://pokeapi.co/api/v2/pokemon/108/,Normal,,90.0,55.0,75.0,60.0,75.0,30.0,1.0,False
109,koffing,ドガース,dogasu,dogāsu,https://pokeapi.co/api/v2/pokemon/109/,Poison,,40.0,65.0,95.0,60.0,45.0,35.0,1.0,False
110,weezing,マタドガス,matadogasu,matadogas,https://pokeapi.co/api/v2/pokemon/110/,Poison,,65.0,90.0,120.0,85.0,70.0,60.0,1.0,False
111,rhyhorn,サイホーン,saihon,saihōn,https://pokeapi.co/api/v2/pokemon/111/,Ground,Rock,80.0,85.0,95.0,30.0,30.0,25.0,1.0,False
112,rhydon,サイドン,saidon,sidon,https://pokeapi.co/api/v2/pokemon/112/,Ground,Rock,105.0,130.0,120.0,45.0,45.0,40.0,1.0,False
113,chansey,ラッキー,rakki,rakkī,https://pokeapi.co/api/v2/pokemon/113/,Normal,,250.0,5.0,5.0,35.0,105.0,50.0,1.0,False
114,tangela,モンジャラ,monjara,monjara,https://pokeapi.co/api/v2/pokemon/114/,Grass,,65.0,55.0,115.0,100.0,40.0,60.0,1.0,False
115,kangaskhan,ガルーラ,garura,garūra,https://pokeapi.co/api/v2/pokemon/115/,Normal,,105.0,95.0,80.0,40.0,80.0,90.0,1.0,False
116,horsea,タッツー,tattsu,tattsū,https://pokeapi.co/api/v2/pokemon/116/,Water,,30.0,40.0,70.0,70.0,25.0,60.0,1.0,False
117,seadra,シードラ,shidora,shīdora,https://pokeapi.co/api/v2/pokemon/117/,Water,,55.0,65.0,95.0,95.0,45.0,85.0,1.0,False
118,goldeen,トサキント,tosakinto,tosakinto,https://pokeapi.co/api/v2/pokemon/118/,Water,,45.0,67.0,60.0,35.0,50.0,63.0,1.0,False
119,seaking,アズマオウ,azumao,azumaō,https://pokeapi.co/api/v2/pokemon/119/,Water,,80.0,92.0,65.0,65.0,80.0,68.0,1.0,False
120,staryu,ヒトデマン,hitodeman,hitodeman,https://pokeapi.co/api/v2/pokemon/120/,Water,,30.0,45.0,55.0,70.0,55.0,85.0,1.0,False
121,starmie,スターミー,sutami,sutāmī,https://pokeapi.co/api/v2/pokemon/121/,Water,Psychic,60.0,75.0,85.0,100.0,85.0,115.0,1.0,False
122,mr.,mime,バリヤード,bariyado,,,,,,,,,,,
123,scyther,ストライク,sutoraiku,strike,https://pokeapi.co/api/v2/pokemon/123/,Bug,Flying,70.0,110.0,80.0,55.0,80.0,105.0,1.0,False
124,jynx,ルージュラ,rujura,rūjura,https://pokeapi.co/api/v2/pokemon/124/,Ice,Psychic,65.0,50.0,35.0,115.0,95.0,95.0,1.0,False
125,electabuzz,エレブー,erebu,erebū,https://pokeapi.co/api/v2/pokemon/125/,Electric,,65.0,83.0,57.0,95.0,85.0,105.0,1.0,False
126,magmar,ブーバー,buba,būbā,https://pokeapi.co/api/v2/pokemon/126/,Fire,,65.0,95.0,57.0,100.0,85.0,93.0,1.0,False
127,pinsir,カイロス,kairosu,kailios,https://pokeapi.co/api/v2/pokemon/127/,Bug,,65.0,125.0,100.0,55.0,70.0,85.0,1.0,False
128,tauros,ケンタロス,kentarosu,kentauros,https://pokeapi.co/api/v2/pokemon/128/,Normal,,75.0,100.0,95.0,40.0,70.0,110.0,1.0,False
129,magikarp,コイキング,koikingu,koiking,https://pokeapi.co/api/v2/pokemon/129/,Water,,20.0,10.0,55.0,15.0,20.0,80.0,1.0,False
130,gyarados,ギャラドス,gyaradosu,gyarados,https://pokeapi.co/api/v2/pokemon/130/,Water,Flying,95.0,125.0,79.0,60.0,100.0,81.0,1.0,False
131,lapras,ラプラス,rapurasu,laplace,https://pokeapi.co/api/v2/pokemon/131/,Water,Ice,130.0,85.0,80.0,85.0,95.0,60.0,1.0,False
132,ditto,メタモン,metamon,metamon,https://pokeapi.co/api/v2/pokemon/132/,Normal,,48.0,48.0,48.0,48.0,48.0,48.0,1.0,False
133,eevee,イーブイ,ibui,ībui,https://pokeapi.co/api/v2/pokemon/133/,Normal,,55.0,55.0,50.0,45.0,65.0,55.0,1.0,False
134,vaporeon,シャワーズ,shawazu,shawāzu,https://pokeapi.co/api/v2/pokemon/134/,Water,,130.0,65.0,60.0,110.0,95.0,65.0,1.0,False
135,jolteon,サンダース,sandasu,sandāsu,https://pokeapi.co/api/v2/pokemon/135/,Electric,,65.0,65.0,60.0,110.0,95.0,130.0,1.0,False
136,flareon,ブースター,busuta,būsutā,https://pokeapi.co/api/v2/pokemon/136/,Fire,,65.0,130.0,60.0,95.0,110.0,65.0,1.0,False
137,porygon,ポリゴン,porigon,porygon,https://pokeapi.co/api/v2/pokemon/137/,Normal,,65.0,60.0,70.0,85.0,75.0,40.0,1.0,False
138,omanyte,オムナイト,omunaito,omnite,https://pokeapi.co/api/v2/pokemon/138/,Rock,Water,35.0,40.0,100.0,90.0,55.0,35.0,1.0,False
139,omastar,オムスター,omusuta,omusutā,https://pokeapi.co/api/v2/pokemon/139/,Rock,Water,70.0,60.0,125.0,115.0,70.0,55.0,1.0,False
140,kabuto,カブト,kabuto,kabuto,https://pokeapi.co/api/v2/pokemon/140/,Rock,Water,30.0,80.0,90.0,55.0,45.0,55.0,1.0,False
141,kabutops,カブトプス,kabutopusu,kabutops,https://pokeapi.co/api/v2/pokemon/141/,Rock,Water,60.0,115.0,105.0,65.0,70.0,80.0,1.0,False
142,aerodactyl,プテラ,putera,ptera,https://pokeapi.co/api/v2/pokemon/142/,Rock,Flying,80.0,105.0,65.0,60.0,75.0,130.0,1.0,False
143,snorlax,カビゴン,kabigon,kabigon,https://pokeapi.co/api/v2/pokemon/143/,Normal,,160.0,110.0,65.0,65.0,110.0,30.0,1.0,False
144,articuno,フリーザー,furiza,furīzā,https://pokeapi.co/api/v2/pokemon/144/,Ice,Flying,90.0,85.0,100.0,95.0,125.0,85.0,1.0,True
145,zapdos,サンダー,sanda,sandā,https://pokeapi.co/api/v2/pokemon/145/,Electric,Flying,90.0,90.0,85.0,125.0,90.0,100.0,1.0,True
146,moltres,ファイヤー,faiya,faiyā,https://pokeapi.co/api/v2/pokemon/146/,Fire,Flying,90.0,100.0,90.0,125.0,85.0,90.0,1.0,True
147,dratini,ミニリュウ,miniryu,miniryū,https://pokeapi.co/api/v2/pokemon/147/,Dragon,,41.0,64.0,45.0,50.0,50.0,50.0,1.0,False
148,dragonair,ハクリュー,hakuryu,hakuryū,https://pokeapi.co/api/v2/pokemon/148/,Dragon,,61.0,84.0,65.0,70.0,70.0,70.0,1.0,False
149,dragonite,カイリュー,kairyu,kairyū,https://pokeapi.co/api/v2/pokemon/149/,Dragon,Flying,91.0,134.0,95.0,100.0,100.0,80.0,1.0,False
150,mewtwo,ミュウツー,myutsu,myūtsū,https://pokeapi.co/api/v2/pokemon/150/,Psychic,,106.0,110.0,90.0,154.0,90.0,130.0,1.0,True
151,mew,ミュウ,myu,myū,https://pokeapi.co/api/v2/pokemon/151/,Psychic,,100.0,100.0,100.0,100.0,100.0,100.0,1.0,False
152,chikorita,チコリータ,chikorita,chikorīta,https://pokeapi.co/api/v2/pokemon/152/,Grass,,45.0,49.0,65.0,49.0,65.0,45.0,2.0,False
153,bayleef,ベイリーフ,beirifu,beirīfu,https://pokeapi.co/api/v2/pokemon/153/,Grass,,60.0,62.0,80.0,63.0,80.0,60.0,2.0,False
154,meganium,メガニウム,meganiumu,meganium,https://pokeapi.co/api/v2/pokemon/154/,Grass,,80.0,82.0,100.0,83.0,100.0,80.0,2.0,False
155,cyndaquil,ヒノアラシ,hinoarashi,hinoarashi,https://pokeapi.co/api/v2/pokemon/155/,Fire,,39.0,52.0,43.0,60.0,50.0,65.0,2.0,False
156,quilava,マグマラシ,magumarashi,magmarashi,https://pokeapi.co/api/v2/pokemon/156/,Fire,,58.0,64.0,58.0,80.0,65.0,80.0,2.0,False
157,typhlosion,バクフーン,bakufun,bakufūn,https://pokeapi.co/api/v2/pokemon/157/,Fire,,78.0,84.0,78.0,109.0,85.0,100.0,2.0,False
158,totodile,ワニノコ,waninoko,waninoko,https://pokeapi.co/api/v2/pokemon/158/,Water,,50.0,65.0,64.0,44.0,48.0,43.0,2.0,False
159,croconaw,アリゲイツ,arigeitsu,alligates,https://pokeapi.co/api/v2/pokemon/159/,Water,,65.0,80.0,80.0,59.0,63.0,58.0,2.0,False
160,feraligatr,オーダイル,odairu,ōdairu,https://pokeapi.co/api/v2/pokemon/160/,Water,,85.0,105.0,100.0,79.0,83.0,78.0,2.0,False
161,sentret,オタチ,otachi,otachi,https://pokeapi.co/api/v2/pokemon/161/,Normal,,35.0,46.0,34.0,35.0,45.0,20.0,2.0,False
162,furret,オオタチ,otachi,ōtachi,https://pokeapi.co/api/v2/pokemon/162/,Normal,,85.0,76.0,64.0,45.0,55.0,90.0,2.0,False
163,hoothoot,ホーホー,hoho,hōhō,https://pokeapi.co/api/v2/pokemon/163/,Normal,Flying,60.0,30.0,30.0,36.0,56.0,50.0,2.0,False
164,noctowl,ヨルノズク,yorunozuku,yorunozuku,https://pokeapi.co/api/v2/pokemon/164/,Normal,Flying,100.0,50.0,50.0,76.0,96.0,70.0,2.0,False
165,ledyba,レディバ,rediba,rediba,https://pokeapi.co/api/v2/pokemon/165/,Bug,Flying,40.0,20.0,30.0,40.0,80.0,55.0,2.0,False
166,ledian,レディアン,redian,redian,https://pokeapi.co/api/v2/pokemon/166/,Bug,Flying,55.0,35.0,50.0,55.0,110.0,85.0,2.0,False
167,spinarak,イトマル,itomaru,itomaru,https://pokeapi.co/api/v2/pokemon/167/,Bug,Poison,40.0,60.0,40.0,40.0,40.0,30.0,2.0,False
168,ariados,アリアドス,ariadosu,ariados,https://pokeapi.co/api/v2/pokemon/168/,Bug,Poison,70.0,90.0,70.0,60.0,60.0,40.0,2.0,False
169,crobat,クロバット,kurobatto,crobat,https://pokeapi.co/api/v2/pokemon/169/,Poison,Flying,85.0,90.0,80.0,70.0,80.0,130.0,2.0,False
170,chinchou,チョンチー,chonchi,chonchī,https://pokeapi.co/api/v2/pokemon/170/,Water,Electric,75.0,38.0,38.0,56.0,56.0,67.0,2.0,False
171,lanturn,ランターン,rantan,rantān,https://pokeapi.co/api/v2/pokemon/171/,Water,Electric,125.0,58.0,58.0,76.0,76.0,67.0,2.0,False
172,pichu,ピチュー,pichu,pichū,https://pokeapi.co/api/v2/pokemon/172/,Electric,,20.0,40.0,15.0,35.0,35.0,60.0,2.0,False
173,cleffa,ピィ,pi,pī,https://pokeapi.co/api/v2/pokemon/173/,Fairy,,50.0,25.0,28.0,45.0,55.0,15.0,2.0,False
174,igglybuff,ププリン,pupurin,pupurin,https://pokeapi.co/api/v2/pokemon/174/,Normal,Fairy,90.0,30.0,15.0,40.0,20.0,15.0,2.0,False
175,togepi,トゲピー,togepi,togepī,https://pokeapi.co/api/v2/pokemon/175/,Fairy,,35.0,20.0,65.0,40.0,65.0,20.0,2.0,False
176,togetic,トゲチック,togechikku,togechick,https://pokeapi.co/api/v2/pokemon/176/,Fairy,Flying,55.0,40.0,85.0,80.0,105.0,40.0,2.0,False
177,natu,ネイティ,neiti,naty,https://pokeapi.co/api/v2/pokemon/177/,Psychic,Flying,40.0,50.0,45.0,70.0,45.0,70.0,2.0,False
178,xatu,ネイティオ,neitio,natio,https://pokeapi.co/api/v2/pokemon/178/,Psychic,Flying,65.0,75.0,70.0,95.0,70.0,95.0,2.0,False
179,mareep,メリープ,meripu,merīpu,https://pokeapi.co/api/v2/pokemon/179/,Electric,,55.0,40.0,40.0,65.0,45.0,35.0,2.0,False
180,flaaffy,モココ,mokoko,mokoko,https://pokeapi.co/api/v2/pokemon/180/,Electric,,70.0,55.0,55.0,80.0,60.0,45.0,2.0,False
181,ampharos,デンリュウ,denryu,denryū,https://pokeapi.co/api/v2/pokemon/181/,Electric,,90.0,75.0,85.0,115.0,90.0,55.0,2.0,False
182,bellossom,キレイハナ,kireihana,kireihana,https://pokeapi.co/api/v2/pokemon/182/,Grass,,75.0,80.0,95.0,90.0,100.0,50.0,2.0,False
183,marill,マリル,mariru,maril,https://pokeapi.co/api/v2/pokemon/183/,Water,Fairy,70.0,20.0,50.0,20.0,50.0,40.0,2.0,False
184,azumarill,マリルリ,mariruri,marilli,https://pokeapi.co/api/v2/pokemon/184/,Water,Fairy,100.0,50.0,80.0,60.0,80.0,50.0,2.0,False
185,sudowoodo,ウソッキー,usokki,usokkī,https://pokeapi.co/api/v2/pokemon/185/,Rock,,70.0,100.0,115.0,30.0,65.0,30.0,2.0,False
186,politoed,ニョロトノ,nyorotono,nyorotono,https://pokeapi.co/api/v2/pokemon/186/,Water,,90.0,75.0,75.0,90.0,100.0,70.0,2.0,False
187,hoppip,ハネッコ,hanekko,hanecco,https://pokeapi.co/api/v2/pokemon/187/,Grass,Flying,35.0,35.0,40.0,35.0,55.0,50.0,2.0,False
188,skiploom,ポポッコ,popokko,popocco,https://pokeapi.co/api/v2/pokemon/188/,Grass,Flying,55.0,45.0,50.0,45.0,65.0,80.0,2.0,False
189,jumpluff,ワタッコ,watakko,watacco,https://pokeapi.co/api/v2/pokemon/189/,Grass,Flying,75.0,55.0,70.0,55.0,95.0,110.0,2.0,False
190,aipom,エイパム,eipamu,eipam,https://pokeapi.co/api/v2/pokemon/190/,Normal,,55.0,70.0,55.0,40.0,55.0,85.0,2.0,False
191,sunkern,ヒマナッツ,himanattsu,himanuts,https://pokeapi.co/api/v2/pokemon/191/,Grass,,30.0,30.0,30.0,30.0,30.0,30.0,2.0,False
192,sunflora,キマワリ,kimawari,kimawari,https://pokeapi.co/api/v2/pokemon/192/,Grass,,75.0,75.0,55.0,105.0,85.0,30.0,2.0,False
193,yanma,ヤンヤンマ,yanyanma,yanyanma,https://pokeapi.co/api/v2/pokemon/193/,Bug,Flying,65.0,65.0,45.0,75.0,45.0,95.0,2.0,False
194,wooper,ウパー,upa,upā,https://pokeapi.co/api/v2/pokemon/194/,Water,Ground,55.0,45.0,45.0,25.0,25.0,15.0,2.0,False
195,quagsire,ヌオー,nuo,nuō,https://pokeapi.co/api/v2/pokemon/195/,Water,Ground,95.0,85.0,85.0,65.0,65.0,35.0,2.0,False
196,espeon,エーフィ,efi,ēfi,https://pokeapi.co/api/v2/pokemon/196/,Psychic,,65.0,65.0,60.0,130.0,95.0,110.0,2.0,False
197,umbreon,ブラッキー,burakki,burakkī,https://pokeapi.co/api/v2/pokemon/197/,Dark,,95.0,65.0,110.0,60.0,130.0,65.0,2.0,False
198,murkrow,ヤミカラス,yamikarasu,yamikarasu,https://pokeapi.co/api/v2/pokemon/198/,Dark,Flying,60.0,85.0,42.0,85.0,42.0,91.0,2.0,False
199,slowking,ヤドキング,yadokingu,yadoking,https://pokeapi.co/api/v2/pokemon/199/,Water,Psychic,95.0,75.0,80.0,100.0,110.0,30.0,2.0,False
200,misdreavus,ムウマ,muma,mūma,https://pokeapi.co/api/v2/pokemon/200/,Ghost,,60.0,60.0,60.0,85.0,85.0,85.0,2.0,False
201,unown,アンノーン,annon,annōn,https://pokeapi.co/api/v2/pokemon/201/,Psychic,,48.0,72.0,48.0,72.0,48.0,48.0,2.0,False
202,wobbuffet,ソーナンス,sonansu,sōnansu,https://pokeapi.co/api/v2/pokemon/202/,Psychic,,190.0,33.0,58.0,33.0,58.0,33.0,2.0,False
203,girafarig,キリンリキ,kirinriki,kirinriki,https://pokeapi.co/api/v2/pokemon/203/,Normal,Psychic,70.0,80.0,65.0,90.0,65.0,85.0,2.0,False
204,pineco,クヌギダマ,kunugidama,kunugidama,https://pokeapi.co/api/v2/pokemon/204/,Bug,,50.0,65.0,90.0,35.0,35.0,15.0,2.0,False
205,forretress,フォレトス,foretosu,foretos,https://pokeapi.co/api/v2/pokemon/205/,Bug,Steel,75.0,90.0,140.0,60.0,60.0,40.0,2.0,False
206,dunsparce,ノコッチ,nokotchi,nokocchi,https://pokeapi.co/api/v2/pokemon/206/,Normal,,100.0,70.0,70.0,65.0,65.0,45.0,2.0,False
207,gligar,グライガー,guraiga,guraigā,https://pokeapi.co/api/v2/pokemon/207/,Ground,Flying,65.0,75.0,105.0,35.0,65.0,85.0,2.0,False
208,steelix,ハガネール,haganeru,haganēru,https://pokeapi.co/api/v2/pokemon/208/,Steel,Ground,75.0,85.0,200.0,55.0,65.0,30.0,2.0,False
209,snubbull,ブルー,buru,burū,https://pokeapi.co/api/v2/pokemon/209/,Fairy,,60.0,80.0,50.0,40.0,40.0,30.0,2.0,False
210,granbull,グランブル,guranburu,granbulu,https://pokeapi.co/api/v2/pokemon/210/,Fairy,,90.0,120.0,75.0,60.0,60.0,45.0,2.0,False
211,qwilfish,ハリーセン,harisen,harīsen,https://pokeapi.co/api/v2/pokemon/211/,Water,Poison,65.0,95.0,75.0,55.0,55.0,85.0,2.0,False
212,scizor,ハッサム,hassamu,hassam,https://pokeapi.co/api/v2/pokemon/212/,Bug,Steel,70.0,130.0,100.0,55.0,80.0,65.0,2.0,False
213,shuckle,ツボツボ,tsubotsubo,tsubotsubo,https://pokeapi.co/api/v2/pokemon/213/,Bug,Rock,20.0,10.0,230.0,10.0,230.0,5.0,2.0,False
214,heracross,ヘラクロス,herakurosu,heracros,https://pokeapi.co/api/v2/pokemon/214/,Bug,Fighting,80.0,125.0,75.0,40.0,95.0,85.0,2.0,False
215,sneasel,ニューラ,nyura,nyūra,https://pokeapi.co/api/v2/pokemon/215/,Dark,Ice,55.0,95.0,55.0,35.0,75.0,115.0,2.0,False
216,teddiursa,ヒメグマ,himeguma,himeguma,https://pokeapi.co/api/v2/pokemon/216/,Normal,,60.0,80.0,50.0,50.0,50.0,40.0,2.0,False
217,ursaring,リングマ,ringuma,ringuma,https://pokeapi.co/api/v2/pokemon/217/,Normal,,90.0,130.0,75.0,75.0,75.0,55.0,2.0,False
218,slugma,マグマッグ,magumaggu,magmag,https://pokeapi.co/api/v2/pokemon/218/,Fire,,40.0,40.0,40.0,70.0,40.0,20.0,2.0,False
219,magcargo,マグカルゴ,magukarugo,magcargot,https://pokeapi.co/api/v2/pokemon/219/,Fire,Rock,50.0,50.0,120.0,80.0,80.0,30.0,2.0,False
220,swinub,ウリムー,urimu,urimū,https://pokeapi.co/api/v2/pokemon/220/,Ice,Ground,50.0,50.0,40.0,30.0,30.0,50.0,2.0,False
221,piloswine,イノムー,inomu,inomū,https://pokeapi.co/api/v2/pokemon/221/,Ice,Ground,100.0,100.0,80.0,60.0,60.0,50.0,2.0,False
222,corsola,サニーゴ,sanigo,sanīgo,https://pokeapi.co/api/v2/pokemon/222/,Water,Rock,55.0,55.0,85.0,65.0,85.0,35.0,2.0,False
223,remoraid,テッポウオ,teppoo,teppō'o,https://pokeapi.co/api/v2/pokemon/223/,Water,,35.0,65.0,35.0,65.0,35.0,65.0,2.0,False
224,octillery,オクタン,okutan,okutank,https://pokeapi.co/api/v2/pokemon/224/,Water,,75.0,105.0,75.0,105.0,75.0,45.0,2.0,False
225,delibird,デリバード,deribado,deribādo,https://pokeapi.co/api/v2/pokemon/225/,Ice,Flying,45.0,55.0,45.0,65.0,45.0,75.0,2.0,False
226,mantine,マンタイン,mantain,mantain,https://pokeapi.co/api/v2/pokemon/226/,Water,Flying,65.0,40.0,70.0,80.0,140.0,70.0,2.0,False
227,skarmory,エアームド,eamudo,eāmudo,https://pokeapi.co/api/v2/pokemon/227/,Steel,Flying,65.0,80.0,140.0,40.0,70.0,70.0,2.0,False
228,houndour,デルビル,derubiru,delvil,https://pokeapi.co/api/v2/pokemon/228/,Dark,Fire,45.0,60.0,30.0,80.0,50.0,65.0,2.0,False
229,houndoom,ヘルガー,heruga,herugā,https://pokeapi.co/api/v2/pokemon/229/,Dark,Fire,75.0,90.0,50.0,110.0,80.0,95.0,2.0,False
230,kingdra,キングドラ,kingudora,kingdra,https://pokeapi.co/api/v2/pokemon/230/,Water,Dragon,75.0,95.0,95.0,95.0,95.0,85.0,2.0,False
231,phanpy,ゴマゾウ,gomazo,gomazō,https://pokeapi.co/api/v2/pokemon/231/,Ground,,90.0,60.0,60.0,40.0,40.0,40.0,2.0,False
232,donphan,ドンファン,donfan,donfan,https://pokeapi.co/api/v2/pokemon/232/,Ground,,90.0,120.0,120.0,60.0,60.0,50.0,2.0,False
233,porygon2,ポリゴン2,porigon,tsu,https://pokeapi.co/api/v2/pokemon/233/,Normal,,85.0,80.0,90.0,105.0,95.0,60.0,2.0,False
234,stantler,オドシシ,odoshishi,odoshishi,https://pokeapi.co/api/v2/pokemon/234/,Normal,,73.0,95.0,62.0,85.0,65.0,85.0,2.0,False
235,smeargle,ドーブル,doburu,dōburu,https://pokeapi.co/api/v2/pokemon/235/,Normal,,55.0,20.0,35.0,20.0,45.0,75.0,2.0,False
236,tyrogue,バルキー,baruki,barukī,https://pokeapi.co/api/v2/pokemon/236/,Fighting,,35.0,35.0,35.0,35.0,35.0,35.0,2.0,False
237,hitmontop,カポエラー,kapoera,kapoerā,https://pokeapi.co/api/v2/pokemon/237/,Fighting,,50.0,95.0,95.0,35.0,110.0,70.0,2.0,False
238,smoochum,ムチュール,muchuru,muchūru,https://pokeapi.co/api/v2/pokemon/238/,Ice,Psychic,45.0,30.0,15.0,85.0,65.0,65.0,2.0,False
239,elekid,エレキッド,erekiddo,elekid,https://pokeapi.co/api/v2/pokemon/239/,Electric,,45.0,63.0,37.0,65.0,55.0,95.0,2.0,False
240,magby,ブビィ,bubi,bubī,https://pokeapi.co/api/v2/pokemon/240/,Fire,,45.0,75.0,37.0,70.0,55.0,83.0,2.0,False
241,miltank,ミルタンク,mirutanku,miltank,https://pokeapi.co/api/v2/pokemon/241/,Normal,,95.0,80.0,105.0,40.0,70.0,100.0,2.0,False
242,blissey,ハピナス,hapinasu,happinas,https://pokeapi.co/api/v2/pokemon/242/,Normal,,255.0,10.0,10.0,75.0,135.0,55.0,2.0,False
243,raikou,ライコウ,raiko,raikō,https://pokeapi.co/api/v2/pokemon/243/,Electric,,90.0,85.0,75.0,115.0,100.0,115.0,2.0,True
244,entei,エンテイ,entei,entei,https://pokeapi.co/api/v2/pokemon/244/,Fire,,115.0,115.0,85.0,90.0,75.0,100.0,2.0,True
245,suicune,スイクン,suikun,suikun,https://pokeapi.co/api/v2/pokemon/245/,Water,,100.0,75.0,115.0,90.0,115.0,85.0,2.0,True
246,larvitar,ヨーギラス,yogirasu,yōgirasu,https://pokeapi.co/api/v2/pokemon/246/,Rock,Ground,50.0,64.0,50.0,45.0,50.0,41.0,2.0,False
247,pupitar,サナギラス,sanagirasu,sanagiras,https://pokeapi.co/api/v2/pokemon/247/,Rock,Ground,70.0,84.0,70.0,65.0,70.0,51.0,2.0,False
248,tyranitar,バンギラス,bangirasu,bangiras,https://pokeapi.co/api/v2/pokemon/248/,Rock,Dark,100.0,134.0,110.0,95.0,100.0,61.0,2.0,False
249,lugia,ルギア,rugia,lugia,https://pokeapi.co/api/v2/pokemon/249/,Psychic,Flying,106.0,90.0,130.0,90.0,154.0,110.0,2.0,True
250,ho-oh,ホウオウ,hoo,hō'ō,https://pokeapi.co/api/v2/pokemon/250/,Fire,Flying,106.0,130.0,90.0,110.0,154.0,90.0,2.0,True
251,celebi,セレビィ,serebii,celebi,https://pokeapi.co/api/v2/pokemon/251/,Psychic,Grass,100.0,100.0,100.0,100.0,100.0,100.0,2.0,False
252,treecko,キモリ,kimori,kimori,https://pokeapi.co/api/v2/pokemon/252/,Grass,,40.0,45.0,35.0,65.0,55.0,70.0,3.0,False
253,grovyle,ジュプトル,juputoru,juptile,https://pokeapi.co/api/v2/pokemon/253/,Grass,,50.0,65.0,45.0,85.0,65.0,95.0,3.0,False
254,sceptile,ジュカイン,jukain,jukain,https://pokeapi.co/api/v2/pokemon/254/,Grass,,70.0,85.0,65.0,105.0,85.0,120.0,3.0,False
255,torchic,アチャモ,achamo,achamo,https://pokeapi.co/api/v2/pokemon/255/,Fire,,45.0,60.0,40.0,70.0,50.0,45.0,3.0,False
256,combusken,ワカシャモ,wakashamo,wakasyamo,https://pokeapi.co/api/v2/pokemon/256/,Fire,Fighting,60.0,85.0,60.0,85.0,60.0,55.0,3.0,False
257,blaziken,バシャーモ,bashamo,bashāmo,https://pokeapi.co/api/v2/pokemon/257/,Fire,Fighting,80.0,120.0,70.0,110.0,70.0,80.0,3.0,False
258,mudkip,ミズゴロウ,mizugoro,mizugorō,https://pokeapi.co/api/v2/pokemon/258/,Water,,50.0,70.0,50.0,50.0,50.0,40.0,3.0,False
259,marshtomp,ヌマクロー,numakuro,numakurō,https://pokeapi.co/api/v2/pokemon/259/,Water,Ground,70.0,85.0,70.0,60.0,70.0,50.0,3.0,False
260,swampert,ラグラージ,raguraji,ragurāji,https://pokeapi.co/api/v2/pokemon/260/,Water,Ground,100.0,110.0,90.0,85.0,90.0,60.0,3.0,False
261,poochyena,ポチエナ,pochiena,pochiena,https://pokeapi.co/api/v2/pokemon/261/,Dark,,35.0,55.0,35.0,30.0,30.0,35.0,3.0,False
262,mightyena,グラエナ,guraena,guraena,https://pokeapi.co/api/v2/pokemon/262/,Dark,,70.0,90.0,70.0,60.0,60.0,70.0,3.0,False
263,zigzagoon,ジグザグマ,jiguzaguma,ziguzaguma,https://pokeapi.co/api/v2/pokemon/263/,Normal,,38.0,30.0,41.0,30.0,41.0,60.0,3.0,False
264,linoone,マッスグマ,massuguma,massuguma,https://pokeapi.co/api/v2/pokemon/264/,Normal,,78.0,70.0,61.0,50.0,61.0,100.0,3.0,False
265,wurmple,ケムッソ,kemusso,kemusso,https://pokeapi.co/api/v2/pokemon/265/,Bug,,45.0,45.0,35.0,20.0,30.0,20.0,3.0,False
266,silcoon,カラサリス,karasarisu,karasalis,https://pokeapi.co/api/v2/pokemon/266/,Bug,,50.0,35.0,55.0,25.0,25.0,15.0,3.0,False
267,beautifly,アゲハント,agehanto,agehunt,https://pokeapi.co/api/v2/pokemon/267/,Bug,Flying,60.0,70.0,50.0,100.0,50.0,65.0,3.0,False
268,cascoon,マユルド,mayurudo,mayuld,https://pokeapi.co/api/v2/pokemon/268/,Bug,,50.0,35.0,55.0,25.0,25.0,15.0,3.0,False
269,dustox,ドクケイル,dokukeiru,dokucale,https://pokeapi.co/api/v2/pokemon/269/,Bug,Poison,60.0,50.0,70.0,50.0,90.0,65.0,3.0,False
270,lotad,ハスボー,hasubo,hasubō,https://pokeapi.co/api/v2/pokemon/270/,Water,Grass,40.0,30.0,30.0,40.0,50.0,30.0,3.0,False
271,lombre,ハスブレロ,hasuburero,hasubrero,https://pokeapi.co/api/v2/pokemon/271/,Water,Grass,60.0,50.0,50.0,60.0,70.0,50.0,3.0,False
272,ludicolo,ルンパッパ,runpappa,runpappa,https://pokeapi.co/api/v2/pokemon/272/,Water,Grass,80.0,70.0,70.0,90.0,100.0,70.0,3.0,False
273,seedot,タネボー,tanebo,tanebō,https://pokeapi.co/api/v2/pokemon/273/,Grass,,40.0,40.0,50.0,30.0,30.0,30.0,3.0,False
274,nuzleaf,コノハナ,konohana,konohana,https://pokeapi.co/api/v2/pokemon/274/,Grass,Dark,70.0,70.0,40.0,60.0,40.0,60.0,3.0,False
275,shiftry,ダーテング,datengu,dātengu,https://pokeapi.co/api/v2/pokemon/275/,Grass,Dark,90.0,100.0,60.0,90.0,60.0,80.0,3.0,False
276,taillow,スバメ,subame,subame,https://pokeapi.co/api/v2/pokemon/276/,Normal,Flying,40.0,55.0,30.0,30.0,30.0,85.0,3.0,False
277,swellow,オオスバメ,osubame,ōsubame,https://pokeapi.co/api/v2/pokemon/277/,Normal,Flying,60.0,85.0,60.0,50.0,50.0,125.0,3.0,False
278,wingull,キャモメ,kyamome,camome,https://pokeapi.co/api/v2/pokemon/278/,Water,Flying,40.0,30.0,30.0,55.0,30.0,85.0,3.0,False
279,pelipper,ペリッパー,perippa,perippā,https://pokeapi.co/api/v2/pokemon/279/,Water,Flying,60.0,50.0,100.0,85.0,70.0,65.0,3.0,False
280,ralts,ラルトス,rarutosu,ralts,https://pokeapi.co/api/v2/pokemon/280/,Psychic,Fairy,28.0,25.0,25.0,45.0,35.0,40.0,3.0,False
281,kirlia,キルリア,kiruria,kirlia,https://pokeapi.co/api/v2/pokemon/281/,Psychic,Fairy,38.0,35.0,35.0,65.0,55.0,50.0,3.0,False
282,gardevoir,サーナイト,sanaito,sānaito,https://pokeapi.co/api/v2/pokemon/282/,Psychic,Fairy,68.0,65.0,65.0,125.0,115.0,80.0,3.0,False
283,surskit,アメタマ,ametama,ametama,https://pokeapi.co/api/v2/pokemon/283/,Bug,Water,40.0,30.0,32.0,50.0,52.0,65.0,3.0,False
284,masquerain,アメモース,amemosu,amemōsu,https://pokeapi.co/api/v2/pokemon/284/,Bug,Flying,70.0,60.0,62.0,80.0,82.0,60.0,3.0,False
285,shroomish,キノココ,kinokoko,kinococo,https://pokeapi.co/api/v2/pokemon/285/,Grass,,60.0,40.0,60.0,40.0,60.0,35.0,3.0,False
286,breloom,キノガッサ,kinogassa,kinogassa,https://pokeapi.co/api/v2/pokemon/286/,Grass,Fighting,60.0,130.0,80.0,60.0,60.0,70.0,3.0,False
287,slakoth,ナマケロ,namakero,namakero,https://pokeapi.co/api/v2/pokemon/287/,Normal,,60.0,60.0,60.0,35.0,35.0,30.0,3.0,False
288,vigoroth,ヤルキモノ,yarukimono,yarukimono,https://pokeapi.co/api/v2/pokemon/288/,Normal,,80.0,80.0,80.0,55.0,55.0,90.0,3.0,False
289,slaking,ケッキング,kekkingu,kekking,https://pokeapi.co/api/v2/pokemon/289/,Normal,,150.0,160.0,100.0,95.0,65.0,100.0,3.0,False
290,nincada,ツチニン,tsuchinin,tutinin,https://pokeapi.co/api/v2/pokemon/290/,Bug,Ground,31.0,45.0,90.0,30.0,30.0,40.0,3.0,False
291,ninjask,テッカニン,tekkanin,tekkanin,https://pokeapi.co/api/v2/pokemon/291/,Bug,Flying,61.0,90.0,45.0,50.0,50.0,160.0,3.0,False
292,shedinja,ヌケニン,nukenin,nukenin,https://pokeapi.co/api/v2/pokemon/292/,Bug,Ghost,1.0,90.0,45.0,30.0,30.0,40.0,3.0,False
293,whismur,ゴニョニョ,gonyonyo,gonyonyo,https://pokeapi.co/api/v2/pokemon/293/,Normal,,64.0,51.0,23.0,51.0,23.0,28.0,3.0,False
294,loudred,ドゴーム,dogomu,dogōmu,https://pokeapi.co/api/v2/pokemon/294/,Normal,,84.0,71.0,43.0,71.0,43.0,48.0,3.0,False
295,exploud,バクオング,bakuongu,bakuong,https://pokeapi.co/api/v2/pokemon/295/,Normal,,104.0,91.0,63.0,91.0,73.0,68.0,3.0,False
296,makuhita,マクノシタ,makunoshita,makunoshita,https://pokeapi.co/api/v2/pokemon/296/,Fighting,,72.0,60.0,30.0,20.0,30.0,25.0,3.0,False
297,hariyama,ハリテヤマ,hariteyama,hariteyama,https://pokeapi.co/api/v2/pokemon/297/,Fighting,,144.0,120.0,60.0,40.0,60.0,50.0,3.0,False
298,azurill,ルリリ,ruriri,ruriri,https://pokeapi.co/api/v2/pokemon/298/,Normal,Fairy,50.0,20.0,40.0,20.0,40.0,20.0,3.0,False
299,nosepass,ノズパス,nozupasu,nosepass,https://pokeapi.co/api/v2/pokemon/299/,Rock,,30.0,45.0,135.0,45.0,90.0,30.0,3.0,False
300,skitty,エネコ,eneko,eneco,https://pokeapi.co/api/v2/pokemon/300/,Normal,,50.0,45.0,45.0,35.0,35.0,50.0,3.0,False
301,delcatty,エネコロロ,enekororo,enekororo,https://pokeapi.co/api/v2/pokemon/301/,Normal,,70.0,65.0,65.0,55.0,55.0,70.0,3.0,False
302,sableye,ヤミラミ,yamirami,yamirami,https://pokeapi.co/api/v2/pokemon/302/,Dark,Ghost,50.0,75.0,75.0,65.0,65.0,50.0,3.0,False
303,mawile,クチート,kuchīto,kucheat,https://pokeapi.co/api/v2/pokemon/303/,Steel,Fairy,50.0,85.0,85.0,55.0,55.0,50.0,3.0,False
304,aron,ココドラ,kokodora,cokodora,https://pokeapi.co/api/v2/pokemon/304/,Steel,Rock,50.0,70.0,100.0,40.0,40.0,30.0,3.0,False
305,lairon,コドラ,kodora,kodora,https://pokeapi.co/api/v2/pokemon/305/,Steel,Rock,60.0,90.0,140.0,50.0,50.0,40.0,3.0,False
306,aggron,ボスゴドラ,bosugodora,bossgodora,https://pokeapi.co/api/v2/pokemon/306/,Steel,Rock,70.0,110.0,180.0,60.0,60.0,50.0,3.0,False
307,meditite,アサナン,asanan,asanan,https://pokeapi.co/api/v2/pokemon/307/,Fighting,Psychic,30.0,40.0,55.0,40.0,55.0,60.0,3.0,False
308,medicham,チャーレム,charemu,chāremu,https://pokeapi.co/api/v2/pokemon/308/,Fighting,Psychic,60.0,60.0,75.0,60.0,75.0,80.0,3.0,False
309,electrike,ラクライ,rakurai,rakurai,https://pokeapi.co/api/v2/pokemon/309/,Electric,,40.0,45.0,40.0,65.0,40.0,65.0,3.0,False
310,manectric,ライボルト,raiboruto,livolt,https://pokeapi.co/api/v2/pokemon/310/,Electric,,70.0,75.0,60.0,105.0,60.0,105.0,3.0,False
311,plusle,プラスル,purasuru,prasle,https://pokeapi.co/api/v2/pokemon/311/,Electric,,60.0,50.0,40.0,85.0,75.0,95.0,3.0,False
312,minun,マイナン,mainan,minun,https://pokeapi.co/api/v2/pokemon/312/,Electric,,60.0,40.0,50.0,75.0,85.0,95.0,3.0,False
313,volbeat,バルビート,barubīto,barubeat,https://pokeapi.co/api/v2/pokemon/313/,Bug,,65.0,73.0,55.0,47.0,75.0,85.0,3.0,False
314,illumise,イルミーゼ,irumize,irumīze,https://pokeapi.co/api/v2/pokemon/314/,Bug,,65.0,47.0,55.0,73.0,75.0,85.0,3.0,False
315,roselia,ロゼリア,rozeria,roselia,https://pokeapi.co/api/v2/pokemon/315/,Grass,Poison,50.0,60.0,45.0,100.0,80.0,65.0,3.0,False
316,gulpin,ゴクリン,gokurin,gokulin,https://pokeapi.co/api/v2/pokemon/316/,Poison,,70.0,43.0,53.0,43.0,53.0,40.0,3.0,False
317,swalot,マルノーム,marunomu,marunōmu,https://pokeapi.co/api/v2/pokemon/317/,Poison,,100.0,73.0,83.0,73.0,83.0,55.0,3.0,False
318,carvanha,キバニア,kibania,kibanha,https://pokeapi.co/api/v2/pokemon/318/,Water,Dark,45.0,90.0,20.0,65.0,20.0,65.0,3.0,False
319,sharpedo,サメハダー,samehada,samehadā,https://pokeapi.co/api/v2/pokemon/319/,Water,Dark,70.0,120.0,40.0,95.0,40.0,95.0,3.0,False
320,wailmer,ホエルコ,hoeruko,hoeruko,https://pokeapi.co/api/v2/pokemon/320/,Water,,130.0,70.0,35.0,70.0,35.0,60.0,3.0,False
321,wailord,ホエルオー,hoeruo,hoeruō,https://pokeapi.co/api/v2/pokemon/321/,Water,,170.0,90.0,45.0,90.0,45.0,60.0,3.0,False
322,numel,ドンメル,donmeru,donmel,https://pokeapi.co/api/v2/pokemon/322/,Fire,Ground,60.0,60.0,40.0,65.0,45.0,35.0,3.0,False
323,camerupt,バクーダ,bakuda,bakūda,https://pokeapi.co/api/v2/pokemon/323/,Fire,Ground,70.0,100.0,70.0,105.0,75.0,40.0,3.0,False
324,torkoal,コータス,kotasu,kōtasu,https://pokeapi.co/api/v2/pokemon/324/,Fire,,70.0,85.0,140.0,85.0,70.0,20.0,3.0,False
325,spoink,バネブー,banebu,banebū,https://pokeapi.co/api/v2/pokemon/325/,Psychic,,60.0,25.0,35.0,70.0,80.0,60.0,3.0,False
326,grumpig,ブーピッグ,bupiggu,būpiggu,https://pokeapi.co/api/v2/pokemon/326/,Psychic,,80.0,45.0,65.0,90.0,110.0,80.0,3.0,False
327,spinda,パッチール,patchiru,patchīru,https://pokeapi.co/api/v2/pokemon/327/,Normal,,60.0,60.0,60.0,60.0,60.0,60.0,3.0,False
328,trapinch,ナックラー,nakkura,nakkurā,https://pokeapi.co/api/v2/pokemon/328/,Ground,,45.0,100.0,45.0,45.0,45.0,10.0,3.0,False
329,vibrava,ビブラーバ,biburaba,biburāba,https://pokeapi.co/api/v2/pokemon/329/,Ground,Dragon,50.0,70.0,50.0,50.0,50.0,70.0,3.0,False
330,flygon,フライゴン,furaigon,flygon,https://pokeapi.co/api/v2/pokemon/330/,Ground,Dragon,80.0,100.0,80.0,80.0,80.0,100.0,3.0,False
331,cacnea,サボネア,sabonea,sabonea,https://pokeapi.co/api/v2/pokemon/331/,Grass,,50.0,85.0,40.0,85.0,40.0,35.0,3.0,False
332,cacturne,ノクタス,nokutasu,noctus,https://pokeapi.co/api/v2/pokemon/332/,Grass,Dark,70.0,115.0,60.0,115.0,60.0,55.0,3.0,False
333,swablu,チルット,chirutto,tyltto,https://pokeapi.co/api/v2/pokemon/333/,Normal,Flying,45.0,40.0,60.0,40.0,75.0,50.0,3.0,False
334,altaria,チルタリス,chirutarisu,tyltalis,https://pokeapi.co/api/v2/pokemon/334/,Dragon,Flying,75.0,70.0,90.0,70.0,105.0,80.0,3.0,False
335,zangoose,ザングース,zangusu,zangūsu,https://pokeapi.co/api/v2/pokemon/335/,Normal,,73.0,115.0,60.0,60.0,60.0,90.0,3.0,False
336,seviper,ハブネーク,habuneku,habunēku,https://pokeapi.co/api/v2/pokemon/336/,Poison,,73.0,100.0,60.0,100.0,60.0,65.0,3.0,False
337,lunatone,ルナトーン,runaton,runatōn,https://pokeapi.co/api/v2/pokemon/337/,Rock,Psychic,70.0,55.0,65.0,95.0,85.0,70.0,3.0,False
338,solrock,ソルロック,sorurokku,solrock,https://pokeapi.co/api/v2/pokemon/338/,Rock,Psychic,70.0,95.0,85.0,55.0,65.0,70.0,3.0,False
339,barboach,ドジョッチ,dojotchi,dojoach,https://pokeapi.co/api/v2/pokemon/339/,Water,Ground,50.0,48.0,43.0,46.0,41.0,60.0,3.0,False
340,whiscash,ナマズン,namazun,namazun,https://pokeapi.co/api/v2/pokemon/340/,Water,Ground,110.0,78.0,73.0,76.0,71.0,60.0,3.0,False
341,corphish,ヘイガニ,heigani,heigani,https://pokeapi.co/api/v2/pokemon/341/,Water,,43.0,80.0,65.0,50.0,35.0,35.0,3.0,False
342,crawdaunt,シザリガー,shizariga,shizarigā,https://pokeapi.co/api/v2/pokemon/342/,Water,Dark,63.0,120.0,85.0,90.0,55.0,55.0,3.0,False
343,baltoy,ヤジロン,yajiron,yajilon,https://pokeapi.co/api/v2/pokemon/343/,Ground,Psychic,40.0,40.0,55.0,40.0,70.0,55.0,3.0,False
344,claydol,ネンドール,nendoru,nendōru,https://pokeapi.co/api/v2/pokemon/344/,Ground,Psychic,60.0,70.0,105.0,70.0,120.0,75.0,3.0,False
345,lileep,リリーラ,ririra,rirīra,https://pokeapi.co/api/v2/pokemon/345/,Rock,Grass,66.0,41.0,77.0,61.0,87.0,23.0,3.0,False
346,cradily,ユレイドル,yureidoru,yuradle,https://pokeapi.co/api/v2/pokemon/346/,Rock,Grass,86.0,81.0,97.0,81.0,107.0,43.0,3.0,False
347,anorith,アノプス,anopusu,anopth,https://pokeapi.co/api/v2/pokemon/347/,Rock,Bug,45.0,95.0,50.0,40.0,50.0,75.0,3.0,False
348,armaldo,アーマルド,amarudo,āmarudo,https://pokeapi.co/api/v2/pokemon/348/,Rock,Bug,75.0,125.0,100.0,70.0,80.0,45.0,3.0,False
349,feebas,ヒンバス,hinbasu,hinbass,https://pokeapi.co/api/v2/pokemon/349/,Water,,20.0,15.0,20.0,10.0,55.0,80.0,3.0,False
350,milotic,ミロカロス,mirokarosu,milokaross,https://pokeapi.co/api/v2/pokemon/350/,Water,,95.0,60.0,79.0,100.0,125.0,81.0,3.0,False
351,castform,ポワルン,powarun,powalen,https://pokeapi.co/api/v2/pokemon/351/,Normal,,70.0,70.0,70.0,70.0,70.0,70.0,3.0,False
352,kecleon,カクレオン,kakureon,kakureon,https://pokeapi.co/api/v2/pokemon/352/,Normal,,60.0,90.0,70.0,60.0,120.0,40.0,3.0,False
353,shuppet,カゲボウズ,kagebozu,kagebōzu,https://pokeapi.co/api/v2/pokemon/353/,Ghost,,44.0,75.0,35.0,63.0,33.0,45.0,3.0,False
354,banette,ジュペッタ,jupetta,juppeta,https://pokeapi.co/api/v2/pokemon/354/,Ghost,,64.0,115.0,65.0,83.0,63.0,65.0,3.0,False
355,duskull,ヨマワル,yomawaru,yomawaru,https://pokeapi.co/api/v2/pokemon/355/,Ghost,,20.0,40.0,90.0,30.0,90.0,25.0,3.0,False
356,dusclops,サマヨール,samayoru,samayōru,https://pokeapi.co/api/v2/pokemon/356/,Ghost,,40.0,70.0,130.0,60.0,130.0,25.0,3.0,False
357,tropius,トロピウス,toropiusu,tropius,https://pokeapi.co/api/v2/pokemon/357/,Grass,Flying,99.0,68.0,83.0,72.0,87.0,51.0,3.0,False
358,chimecho,チリーン,chirin,chirīn,https://pokeapi.co/api/v2/pokemon/358/,Psychic,,65.0,50.0,70.0,95.0,80.0,65.0,3.0,False
359,absol,アブソル,abusoru,absol,https://pokeapi.co/api/v2/pokemon/359/,Dark,,65.0,130.0,60.0,75.0,60.0,75.0,3.0,False
360,wynaut,ソーナノ,sonano,sōnano,https://pokeapi.co/api/v2/pokemon/360/,Psychic,,95.0,23.0,48.0,23.0,48.0,23.0,3.0,False
361,snorunt,ユキワラシ,yukiwarashi,yukiwarashi,https://pokeapi.co/api/v2/pokemon/361/,Ice,,50.0,50.0,50.0,50.0,50.0,50.0,3.0,False
362,glalie,オニゴーリ,onigori,onigōri,https://pokeapi.co/api/v2/pokemon/362/,Ice,,80.0,80.0,80.0,80.0,80.0,80.0,3.0,False
363,spheal,タマザラシ,tamazarashi,tamazarashi,https://pokeapi.co/api/v2/pokemon/363/,Ice,Water,70.0,40.0,50.0,55.0,50.0,25.0,3.0,False
364,sealeo,トドグラー,todogura,todogurā,https://pokeapi.co/api/v2/pokemon/364/,Ice,Water,90.0,60.0,70.0,75.0,70.0,45.0,3.0,False
365,walrein,トドゼルガ,todozeruga,todoseruga,https://pokeapi.co/api/v2/pokemon/365/,Ice,Water,110.0,80.0,90.0,95.0,90.0,65.0,3.0,False
366,clamperl,パールル,paruru,pāruru,https://pokeapi.co/api/v2/pokemon/366/,Water,,35.0,64.0,85.0,74.0,55.0,32.0,3.0,False
367,huntail,ハンテール,hanteru,hantēru,https://pokeapi.co/api/v2/pokemon/367/,Water,,55.0,104.0,105.0,94.0,75.0,52.0,3.0,False
368,gorebyss,サクラビス,sakurabisu,sakurabyss,https://pokeapi.co/api/v2/pokemon/368/,Water,,55.0,84.0,105.0,114.0,75.0,52.0,3.0,False
369,relicanth,ジーランス,jiransu,jīransu,https://pokeapi.co/api/v2/pokemon/369/,Water,Rock,100.0,90.0,130.0,45.0,65.0,55.0,3.0,False
370,luvdisc,ラブカス,rabukasu,lovecus,https://pokeapi.co/api/v2/pokemon/370/,Water,,43.0,30.0,55.0,40.0,65.0,97.0,3.0,False
371,bagon,タツベイ,tatsubei,tatsubay,https://pokeapi.co/api/v2/pokemon/371/,Dragon,,45.0,75.0,60.0,40.0,30.0,50.0,3.0,False
372,shelgon,コモルー,komoru,komorū,https://pokeapi.co/api/v2/pokemon/372/,Dragon,,65.0,95.0,100.0,60.0,50.0,50.0,3.0,False
373,salamence,ボーマンダ,bomanda,bōmanda,https://pokeapi.co/api/v2/pokemon/373/,Dragon,Flying,95.0,135.0,80.0,110.0,80.0,100.0,3.0,False
374,beldum,ダンバル,danbaru,dumbber,https://pokeapi.co/api/v2/pokemon/374/,Steel,Psychic,40.0,55.0,80.0,35.0,60.0,30.0,3.0,False
375,metang,メタング,metangu,metang,https://pokeapi.co/api/v2/pokemon/375/,Steel,Psychic,60.0,75.0,100.0,55.0,80.0,50.0,3.0,False
376,metagross,メタグロス,metagurosu,metagross,https://pokeapi.co/api/v2/pokemon/376/,Steel,Psychic,80.0,135.0,130.0,95.0,90.0,70.0,3.0,False
377,regirock,レジロック,rejirokku,regirock,https://pokeapi.co/api/v2/pokemon/377/,Rock,,80.0,100.0,200.0,50.0,100.0,50.0,3.0,True
378,regice,レジアイス,rejiaisu,regice,https://pokeapi.co/api/v2/pokemon/378/,Ice,,80.0,50.0,100.0,100.0,200.0,50.0,3.0,True
379,registeel,レジスチル,rejisuchiru,registeel,https://pokeapi.co/api/v2/pokemon/379/,Steel,,80.0,75.0,150.0,75.0,150.0,50.0,3.0,True
380,latias,ラティアス,ratiasu,latias,https://pokeapi.co/api/v2/pokemon/380/,Dragon,Psychic,80.0,80.0,90.0,110.0,130.0,110.0,3.0,True
381,latios,ラティオス,ratiosu,latios,https://pokeapi.co/api/v2/pokemon/381/,Dragon,Psychic,80.0,90.0,80.0,130.0,110.0,110.0,3.0,True
382,kyogre,カイオーガ,kaioga,kaiōga,https://pokeapi.co/api/v2/pokemon/382/,Water,,100.0,100.0,90.0,150.0,140.0,90.0,3.0,True
383,groudon,グラードン,guradon,gurādon,https://pokeapi.co/api/v2/pokemon/383/,Ground,,100.0,150.0,140.0,100.0,90.0,90.0,3.0,True
384,rayquaza,レックウザ,rekkuza,rekkūza,https://pokeapi.co/api/v2/pokemon/384/,Dragon,Flying,105.0,150.0,90.0,150.0,90.0,95.0,3.0,True
385,jirachi,ジラーチ,jirachi,jirāchi,https://pokeapi.co/api/v2/pokemon/385/,Steel,Psychic,100.0,100.0,100.0,100.0,100.0,100.0,3.0,True
386,deoxys,デオキシス,deokishisu,deoxys,,,,,,,,,,,
387,turtwig,ナエトル,naetoru,naetle,https://pokeapi.co/api/v2/pokemon/387/,Grass,,55.0,68.0,64.0,45.0,55.0,31.0,4.0,False
388,grotle,ハヤシガメ,hayashigame,hayashigame,https://pokeapi.co/api/v2/pokemon/388/,Grass,,75.0,89.0,85.0,55.0,65.0,36.0,4.0,False
389,torterra,ドダイトス,dodaitosu,dodaitose,https://pokeapi.co/api/v2/pokemon/389/,Grass,Ground,95.0,109.0,105.0,75.0,85.0,56.0,4.0,False
390,chimchar,ヒコザル,hikozaru,hikozaru,https://pokeapi.co/api/v2/pokemon/390/,Fire,,44.0,58.0,44.0,58.0,44.0,61.0,4.0,False
391,monferno,モウカザル,mokazaru,mōkazaru,https://pokeapi.co/api/v2/pokemon/391/,Fire,Fighting,64.0,78.0,52.0,78.0,52.0,81.0,4.0,False
392,infernape,ゴウカザル,gokazaru,gōkazaru,https://pokeapi.co/api/v2/pokemon/392/,Fire,Fighting,76.0,104.0,71.0,104.0,71.0,108.0,4.0,False
393,piplup,ポッチャマ,potchama,pochama,https://pokeapi.co/api/v2/pokemon/393/,Water,,53.0,51.0,53.0,61.0,56.0,40.0,4.0,False
394,prinplup,ポッタイシ,pottaishi,pottaishi,https://pokeapi.co/api/v2/pokemon/394/,Water,,64.0,66.0,68.0,81.0,76.0,50.0,4.0,False
395,empoleon,エンペルト,enperuto,emperte,https://pokeapi.co/api/v2/pokemon/395/,Water,Steel,84.0,86.0,88.0,111.0,101.0,60.0,4.0,False
396,starly,ムックル,mukkuru,mukkuru,https://pokeapi.co/api/v2/pokemon/396/,Normal,Flying,40.0,55.0,30.0,30.0,30.0,60.0,4.0,False
397,staravia,ムクバード,mukubado,mukubādo,https://pokeapi.co/api/v2/pokemon/397/,Normal,Flying,55.0,75.0,50.0,40.0,40.0,80.0,4.0,False
398,staraptor,ムクホーク,mukuhoku,mukuhōku,https://pokeapi.co/api/v2/pokemon/398/,Normal,Flying,85.0,120.0,70.0,50.0,60.0,100.0,4.0,False
399,bidoof,ビッパ,bippa,bipper,https://pokeapi.co/api/v2/pokemon/399/,Normal,,59.0,45.0,40.0,35.0,40.0,31.0,4.0,False
400,bibarel,ビーダル,bidaru,bīdaru,https://pokeapi.co/api/v2/pokemon/400/,Normal,Water,79.0,85.0,60.0,55.0,60.0,71.0,4.0,False
401,kricketot,コロボーシ,koroboshi,korobōshi,https://pokeapi.co/api/v2/pokemon/401/,Bug,,37.0,25.0,41.0,25.0,41.0,25.0,4.0,False
402,kricketune,コロトック,korotokku,korotok,https://pokeapi.co/api/v2/pokemon/402/,Bug,,77.0,85.0,51.0,55.0,51.0,65.0,4.0,False
403,shinx,コリンク,korinku,kolink,https://pokeapi.co/api/v2/pokemon/403/,Electric,,45.0,65.0,34.0,40.0,34.0,45.0,4.0,False
404,luxio,ルクシオ,rukushio,luxio,https://pokeapi.co/api/v2/pokemon/404/,Electric,,60.0,85.0,49.0,60.0,49.0,60.0,4.0,False
405,luxray,レントラー,rentora,rentorā,https://pokeapi.co/api/v2/pokemon/405/,Electric,,80.0,120.0,79.0,95.0,79.0,70.0,4.0,False
406,budew,スボミー,subomi,subomī,https://pokeapi.co/api/v2/pokemon/406/,Grass,Poison,40.0,30.0,35.0,50.0,70.0,55.0,4.0,False
407,roserade,ロズレイド,rozureido,roserade,https://pokeapi.co/api/v2/pokemon/407/,Grass,Poison,60.0,70.0,65.0,125.0,105.0,90.0,4.0,False
408,cranidos,ズガイドス,zugaidosu,zugaidos,https://pokeapi.co/api/v2/pokemon/408/,Rock,,67.0,125.0,40.0,30.0,30.0,58.0,4.0,False
409,rampardos,ラムパルド,ramuparudo,rampard,https://pokeapi.co/api/v2/pokemon/409/,Rock,,97.0,165.0,60.0,65.0,50.0,58.0,4.0,False
410,shieldon,タテトプス,tatetopusu,tatetops,https://pokeapi.co/api/v2/pokemon/410/,Rock,Steel,30.0,42.0,118.0,42.0,88.0,30.0,4.0,False
411,bastiodon,トリデプス,toridepusu,trideps,https://pokeapi.co/api/v2/pokemon/411/,Rock,Steel,60.0,52.0,168.0,47.0,138.0,30.0,4.0,False
412,burmy,ミノムッチ,minomutchi,minomutchi,https://pokeapi.co/api/v2/pokemon/412/,Bug,,40.0,29.0,45.0,29.0,45.0,36.0,4.0,False
413,wormadam,ミノマダム,minomadamu,minomadam,,,,,,,,,,,
414,mothim,ガーメイル,gameiru,gāmeiru,https://pokeapi.co/api/v2/pokemon/414/,Bug,Flying,70.0,94.0,50.0,94.0,50.0,66.0,4.0,False
415,combee,ミツハニー,mitsuhani,mitsuhanī,https://pokeapi.co/api/v2/pokemon/415/,Bug,Flying,30.0,30.0,42.0,30.0,42.0,70.0,4.0,False
416,vespiquen,ビークイン,bikuin,bīkuin,https://pokeapi.co/api/v2/pokemon/416/,Bug,Flying,70.0,80.0,102.0,80.0,102.0,40.0,4.0,False
417,pachirisu,パチリス,pachirisu,pachirisu,https://pokeapi.co/api/v2/pokemon/417/,Electric,,60.0,45.0,70.0,45.0,90.0,95.0,4.0,False
418,buizel,ブイゼル,buizeru,buoysel,https://pokeapi.co/api/v2/pokemon/418/,Water,,55.0,65.0,35.0,60.0,30.0,85.0,4.0,False
419,floatzel,フローゼル,furozeru,furōzeru,https://pokeapi.co/api/v2/pokemon/419/,Water,,85.0,105.0,55.0,85.0,50.0,115.0,4.0,False
420,cherubi,チェリンボ,cherinbo,cherinbo,https://pokeapi.co/api/v2/pokemon/420/,Grass,,45.0,35.0,45.0,62.0,53.0,35.0,4.0,False
421,cherrim,チェリム,cherimu,cherrim,https://pokeapi.co/api/v2/pokemon/421/,Grass,,70.0,60.0,70.0,87.0,78.0,85.0,4.0,False
422,shellos,カラナクシ,karanakushi,karanakushi,https://pokeapi.co/api/v2/pokemon/422/,Water,,76.0,48.0,48.0,57.0,62.0,34.0,4.0,False
423,gastrodon,トリトドン,toritodon,tritodon,https://pokeapi.co/api/v2/pokemon/423/,Water,Ground,111.0,83.0,68.0,92.0,82.0,39.0,4.0,False
424,ambipom,エテボース,etebosu,etebōsu,https://pokeapi.co/api/v2/pokemon/424/,Normal,,75.0,100.0,66.0,60.0,66.0,115.0,4.0,False
425,drifloon,フワンテ,fuwante,fuwante,https://pokeapi.co/api/v2/pokemon/425/,Ghost,Flying,90.0,50.0,34.0,60.0,44.0,70.0,4.0,False
426,drifblim,フワライド,fuwaraido,fuwaride,https://pokeapi.co/api/v2/pokemon/426/,Ghost,Flying,150.0,80.0,44.0,90.0,54.0,80.0,4.0,False
427,buneary,ミミロル,mimiroru,mimirol,https://pokeapi.co/api/v2/pokemon/427/,Normal,,55.0,66.0,44.0,44.0,56.0,85.0,4.0,False
428,lopunny,ミミロップ,mimiroppu,mimilop,https://pokeapi.co/api/v2/pokemon/428/,Normal,,65.0,76.0,84.0,54.0,96.0,105.0,4.0,False
429,mismagius,ムウマージ,mumaji,mūmāji,https://pokeapi.co/api/v2/pokemon/429/,Ghost,,60.0,60.0,60.0,105.0,105.0,105.0,4.0,False
430,honchkrow,ドンカラス,donkarasu,donkarasu,https://pokeapi.co/api/v2/pokemon/430/,Dark,Flying,100.0,125.0,52.0,105.0,52.0,71.0,4.0,False
431,glameow,ニャルマー,nyaruma,nyarumā,https://pokeapi.co/api/v2/pokemon/431/,Normal,,49.0,55.0,42.0,42.0,37.0,85.0,4.0,False
432,purugly,ブニャット,bunyatto,bunyat,https://pokeapi.co/api/v2/pokemon/432/,Normal,,71.0,82.0,64.0,64.0,59.0,112.0,4.0,False
433,chingling,リーシャン,rishan,rīshan,https://pokeapi.co/api/v2/pokemon/433/,Psychic,,45.0,30.0,50.0,65.0,50.0,45.0,4.0,False
434,stunky,スカンプー,sukanpu,sukanpū,https://pokeapi.co/api/v2/pokemon/434/,Poison,Dark,63.0,63.0,47.0,41.0,41.0,74.0,4.0,False
435,skuntank,スカタンク,sukatanku,skutank,https://pokeapi.co/api/v2/pokemon/435/,Poison,Dark,103.0,93.0,67.0,71.0,61.0,84.0,4.0,False
436,bronzor,ドーミラー,domira,dōmirā,https://pokeapi.co/api/v2/pokemon/436/,Steel,Psychic,57.0,24.0,86.0,24.0,86.0,23.0,4.0,False
437,bronzong,ドータクン,dotakun,dōtakun,https://pokeapi.co/api/v2/pokemon/437/,Steel,Psychic,67.0,89.0,116.0,79.0,116.0,33.0,4.0,False
438,bonsly,ウソハチ,usohachi,usohachi,https://pokeapi.co/api/v2/pokemon/438/,Rock,,50.0,80.0,95.0,10.0,45.0,10.0,4.0,False
439,mime,jr.,マネネ,manene,,,,,,,,,,,
440,happiny,ピンプク,pinpuku,pinpuku,https://pokeapi.co/api/v2/pokemon/440/,Normal,,100.0,5.0,5.0,15.0,65.0,30.0,4.0,False
441,chatot,ペラップ,perappu,perap,https://pokeapi.co/api/v2/pokemon/441/,Normal,Flying,76.0,65.0,45.0,92.0,42.0,91.0,4.0,False
442,spiritomb,ミカルゲ,mikaruge,mikaruge,https://pokeapi.co/api/v2/pokemon/442/,Ghost,Dark,50.0,92.0,108.0,92.0,108.0,35.0,4.0,False
443,gible,フカマル,fukamaru,fukamaru,https://pokeapi.co/api/v2/pokemon/443/,Dragon,Ground,58.0,70.0,45.0,40.0,45.0,42.0,4.0,False
444,gabite,ガバイト,gabaito,gabite,https://pokeapi.co/api/v2/pokemon/444/,Dragon,Ground,68.0,90.0,65.0,50.0,55.0,82.0,4.0,False
445,garchomp,ガブリアス,gaburiasu,gablias,https://pokeapi.co/api/v2/pokemon/445/,Dragon,Ground,108.0,130.0,95.0,80.0,85.0,102.0,4.0,False
446,munchlax,ゴンベ,gonbe,gonbe,https://pokeapi.co/api/v2/pokemon/446/,Normal,,135.0,85.0,40.0,40.0,85.0,5.0,4.0,False
447,riolu,リオル,rioru,riolu,https://pokeapi.co/api/v2/pokemon/447/,Fighting,,40.0,70.0,40.0,35.0,40.0,60.0,4.0,False
448,lucario,ルカリオ,rukario,lucario,https://pokeapi.co/api/v2/pokemon/448/,Fighting,Steel,70.0,110.0,70.0,115.0,70.0,90.0,4.0,False
449,hippopotas,ヒポポタス,hipopotasu,hippopotas,https://pokeapi.co/api/v2/pokemon/449/,Ground,,68.0,72.0,78.0,38.0,42.0,32.0,4.0,False
450,hippowdon,カバルドン,kabarudon,kabaldon,https://pokeapi.co/api/v2/pokemon/450/,Ground,,108.0,112.0,118.0,68.0,72.0,47.0,4.0,False
451,skorupi,スコルピ,sukorupi,scorpi,https://pokeapi.co/api/v2/pokemon/451/,Poison,Bug,40.0,50.0,90.0,30.0,55.0,65.0,4.0,False
452,drapion,ドラピオン,dorapion,dorapion,https://pokeapi.co/api/v2/pokemon/452/,Poison,Dark,70.0,90.0,110.0,60.0,75.0,95.0,4.0,False
453,croagunk,グレッグル,guregguru,gureggru,https://pokeapi.co/api/v2/pokemon/453/,Poison,Fighting,48.0,61.0,40.0,61.0,40.0,50.0,4.0,False
454,toxicroak,ドクロッグ,dokuroggu,dokurog,https://pokeapi.co/api/v2/pokemon/454/,Poison,Fighting,83.0,106.0,65.0,86.0,65.0,85.0,4.0,False
455,carnivine,マスキッパ,masukippa,muskippa,https://pokeapi.co/api/v2/pokemon/455/,Grass,,74.0,100.0,72.0,90.0,72.0,46.0,4.0,False
456,finneon,ケイコウオ,keikoo,keikō'o,https://pokeapi.co/api/v2/pokemon/456/,Water,,49.0,49.0,56.0,49.0,61.0,66.0,4.0,False
457,lumineon,ネオラント,neoranto,neorant,https://pokeapi.co/api/v2/pokemon/457/,Water,,69.0,69.0,76.0,69.0,86.0,91.0,4.0,False
458,mantyke,タマンタ,tamanta,tamanta,https://pokeapi.co/api/v2/pokemon/458/,Water,Flying,45.0,20.0,50.0,60.0,120.0,50.0,4.0,False
459,snover,ユキカブリ,yukikaburi,yukikabli,https://pokeapi.co/api/v2/pokemon/459/,Grass,Ice,60.0,62.0,50.0,62.0,60.0,40.0,4.0,False
460,abomasnow,ユキノオー,yukinoo,yukinoō,https://pokeapi.co/api/v2/pokemon/460/,Grass,Ice,90.0,92.0,75.0,92.0,85.0,60.0,4.0,False
461,weavile,マニューラ,manyura,manyūra,https://pokeapi.co/api/v2/pokemon/461/,Dark,Ice,70.0,120.0,65.0,45.0,85.0,125.0,4.0,False
462,magnezone,ジバコイル,jibakoiru,jibacoil,https://pokeapi.co/api/v2/pokemon/462/,Electric,Steel,70.0,70.0,115.0,130.0,90.0,60.0,4.0,False
463,lickilicky,ベロベルト,beroberuto,berobelt,https://pokeapi.co/api/v2/pokemon/463/,Normal,,110.0,85.0,95.0,80.0,95.0,50.0,4.0,False
464,rhyperior,ドサイドン,dosaidon,dosidon,https://pokeapi.co/api/v2/pokemon/464/,Ground,Rock,115.0,140.0,130.0,55.0,55.0,40.0,4.0,False
465,tangrowth,モジャンボ,mojanbo,mojumbo,https://pokeapi.co/api/v2/pokemon/465/,Grass,,100.0,100.0,125.0,110.0,50.0,50.0,4.0,False
466,electivire,エレキブル,erekiburu,elekible,https://pokeapi.co/api/v2/pokemon/466/,Electric,,75.0,123.0,67.0,95.0,85.0,95.0,4.0,False
467,magmortar,ブーバーン,buban,būbān,https://pokeapi.co/api/v2/pokemon/467/,Fire,,75.0,95.0,67.0,125.0,95.0,83.0,4.0,False
468,togekiss,トゲキッス,togekissu,togekiss,https://pokeapi.co/api/v2/pokemon/468/,Fairy,Flying,85.0,50.0,95.0,120.0,115.0,80.0,4.0,False
469,yanmega,メガヤンマ,megayanma,megayanma,https://pokeapi.co/api/v2/pokemon/469/,Bug,Flying,86.0,76.0,86.0,116.0,56.0,95.0,4.0,False
470,leafeon,リーフィア,rifia,rīfia,https://pokeapi.co/api/v2/pokemon/470/,Grass,,65.0,110.0,130.0,60.0,65.0,95.0,4.0,False
471,glaceon,グレイシア,gureishia,glacia,https://pokeapi.co/api/v2/pokemon/471/,Ice,,65.0,60.0,110.0,130.0,95.0,65.0,4.0,False
472,gliscor,グライオン,guraion,glion,https://pokeapi.co/api/v2/pokemon/472/,Ground,Flying,75.0,95.0,125.0,45.0,75.0,95.0,4.0,False
473,mamoswine,マンムー,manmu,manmū,https://pokeapi.co/api/v2/pokemon/473/,Ice,Ground,110.0,130.0,80.0,70.0,60.0,80.0,4.0,False
474,porygon-z,ポリゴンｚ,porigon,zetto,https://pokeapi.co/api/v2/pokemon/474/,Normal,,85.0,80.0,70.0,135.0,75.0,90.0,4.0,False
475,gallade,エルレイド,erureido,erlade,https://pokeapi.co/api/v2/pokemon/475/,Psychic,Fighting,68.0,125.0,65.0,65.0,115.0,80.0,4.0,False
476,probopass,ダイノーズ,dainozu,dainōzu,https://pokeapi.co/api/v2/pokemon/476/,Rock,Steel,60.0,55.0,145.0,75.0,150.0,40.0,4.0,False
477,dusknoir,ヨノワール,yonowaru,yonowāru,https://pokeapi.co/api/v2/pokemon/477/,Ghost,,45.0,100.0,135.0,65.0,135.0,45.0,4.0,False
478,froslass,ユキメノコ,yukimenoko,yukimenoko,https://pokeapi.co/api/v2/pokemon/478/,Ice,Ghost,70.0,80.0,70.0,80.0,70.0,110.0,4.0,False
479,rotom,ロトム,rotomu,rotom,https://pokeapi.co/api/v2/pokemon/479/,Electric,Ghost,50.0,50.0,77.0,95.0,77.0,91.0,4.0,False
480,uxie,ユクシー,yukushi,yukushī,https://pokeapi.co/api/v2/pokemon/480/,Psychic,,75.0,75.0,130.0,75.0,130.0,95.0,4.0,True
481,mesprit,エムリット,emuritto,emrit,https://pokeapi.co/api/v2/pokemon/481/,Psychic,,80.0,105.0,105.0,105.0,105.0,80.0,4.0,True
482,azelf,アグノム,agunomu,agnome,https://pokeapi.co/api/v2/pokemon/482/,Psychic,,75.0,125.0,70.0,125.0,70.0,115.0,4.0,True
483,dialga,ディアルガ,diaruga,dialga,https://pokeapi.co/api/v2/pokemon/483/,Steel,Dragon,100.0,120.0,120.0,150.0,100.0,90.0,4.0,True
484,palkia,パルキア,parukia,palkia,https://pokeapi.co/api/v2/pokemon/484/,Water,Dragon,90.0,120.0,100.0,150.0,120.0,100.0,4.0,True
485,heatran,ヒードラン,hidoran,hīdoran,https://pokeapi.co/api/v2/pokemon/485/,Fire,Steel,91.0,90.0,106.0,130.0,106.0,77.0,4.0,True
486,regigigas,レジギガス,rejigigasu,regigigas,https://pokeapi.co/api/v2/pokemon/486/,Normal,,110.0,160.0,110.0,80.0,110.0,100.0,4.0,True
487,giratina,ギラティナ,giratina,giratina,,,,,,,,,,,
488,cresselia,クレセリア,kureseria,crecelia,https://pokeapi.co/api/v2/pokemon/488/,Psychic,,120.0,70.0,120.0,75.0,130.0,85.0,4.0,False
489,phione,フィオネ,fione,phione,https://pokeapi.co/api/v2/pokemon/489/,Water,,80.0,80.0,80.0,80.0,80.0,80.0,4.0,False
490,manaphy,マナフィ,manafi,manaphy,https://pokeapi.co/api/v2/pokemon/490/,Water,,100.0,100.0,100.0,100.0,100.0,100.0,4.0,False
491,darkrai,ダークライ,dakurai,dākurai,https://pokeapi.co/api/v2/pokemon/491/,Dark,,70.0,90.0,90.0,135.0,90.0,125.0,4.0,True
492,shaymin,シェイミ,sheimi,sheimi,,,,,,,,,,,
493,arceus,アルセウス,aruseusu,arseus,https://pokeapi.co/api/v2/pokemon/493/,Normal,,120.0,120.0,120.0,120.0,120.0,120.0,4.0,True
494,victini,ビクティニ,bikutini,victini,https://pokeapi.co/api/v2/pokemon/494/,Psychic,Fire,100.0,100.0,100.0,100.0,100.0,100.0,5.0,True
495,snivy,ツタージャ,tsutāja,tsutarja,https://pokeapi.co/api/v2/pokemon/495/,Grass,,45.0,45.0,55.0,45.0,55.0,63.0,5.0,False
496,servine,ジャノビー,janobī,janovy,https://pokeapi.co/api/v2/pokemon/496/,Grass,,60.0,60.0,75.0,60.0,75.0,83.0,5.0,False
497,serperior,ジャローダ,jaroda,jalorda,https://pokeapi.co/api/v2/pokemon/497/,Grass,,75.0,75.0,95.0,75.0,95.0,113.0,5.0,False
498,tepig,ポカブ,pokabu,pokabu,https://pokeapi.co/api/v2/pokemon/498/,Fire,,65.0,63.0,45.0,45.0,45.0,45.0,5.0,False
499,pignite,チャオブー,chaobū,chaoboo,https://pokeapi.co/api/v2/pokemon/499/,Fire,Fighting,90.0,93.0,55.0,70.0,55.0,55.0,5.0,False
500,emboar,エンブオー,enbuō,enbuoh,https://pokeapi.co/api/v2/pokemon/500/,Fire,Fighting,110.0,123.0,65.0,100.0,65.0,65.0,5.0,False
501,oshawott,ミジュマル,mijumaru,mijumaru,https://pokeapi.co/api/v2/pokemon/501/,Water,,55.0,55.0,45.0,63.0,45.0,45.0,5.0,False
502,dewott,フタチマル,futachimaru,futachimaru,https://pokeapi.co/api/v2/pokemon/502/,Water,,75.0,75.0,60.0,83.0,60.0,60.0,5.0,False
503,samurott,ダイケンキ,daikenki,daikenki,https://pokeapi.co/api/v2/pokemon/503/,Water,,95.0,100.0,85.0,108.0,70.0,70.0,5.0,False
504,patrat,ミネズミ,minezumi,minezumi,https://pokeapi.co/api/v2/pokemon/504/,Normal,,45.0,55.0,39.0,35.0,39.0,42.0,5.0,False
505,watchog,ミルホッグ,miruhoggu,miruhog,https://pokeapi.co/api/v2/pokemon/505/,Normal,,60.0,85.0,69.0,60.0,69.0,77.0,5.0,False
506,lillipup,ヨーテリー,yōterī,yorterry,https://pokeapi.co/api/v2/pokemon/506/,Normal,,45.0,60.0,45.0,25.0,45.0,55.0,5.0,False
507,herdier,ハーデリア,hārderia,haderia,https://pokeapi.co/api/v2/pokemon/507/,Normal,,65.0,80.0,65.0,35.0,65.0,60.0,5.0,False
508,stoutland,ムーランド,mūrando,mooland,https://pokeapi.co/api/v2/pokemon/508/,Normal,,85.0,110.0,90.0,45.0,90.0,80.0,5.0,False
509,purrloin,チョロネコ,choroneko,choroneko,https://pokeapi.co/api/v2/pokemon/509/,Dark,,41.0,50.0,37.0,50.0,37.0,66.0,5.0,False
510,liepard,レパルダス,reparudasu,lepardas,https://pokeapi.co/api/v2/pokemon/510/,Dark,,64.0,88.0,50.0,88.0,50.0,106.0,5.0,False
511,pansage,ヤナップ,yanappu,yanappu,https://pokeapi.co/api/v2/pokemon/511/,Grass,,50.0,53.0,48.0,53.0,48.0,64.0,5.0,False
512,simisage,ヤナッキー,yanakkī,yanakkie,https://pokeapi.co/api/v2/pokemon/512/,Grass,,75.0,98.0,63.0,98.0,63.0,101.0,5.0,False
513,pansear,バオップ,baoppu,baoppu,https://pokeapi.co/api/v2/pokemon/513/,Fire,,50.0,53.0,48.0,53.0,48.0,64.0,5.0,False
514,simisear,バオッキー,baokkī,baokkie,https://pokeapi.co/api/v2/pokemon/514/,Fire,,75.0,98.0,63.0,98.0,63.0,101.0,5.0,False
515,panpour,ヒヤップ,hiyappu,hiyappu,https://pokeapi.co/api/v2/pokemon/515/,Water,,50.0,53.0,48.0,53.0,48.0,64.0,5.0,False
516,simipour,ヒヤッキー,hiyakkī,hiyakkie,https://pokeapi.co/api/v2/pokemon/516/,Water,,75.0,98.0,63.0,98.0,63.0,101.0,5.0,False
517,munna,ムンナ,munna,munna,https://pokeapi.co/api/v2/pokemon/517/,Psychic,,76.0,25.0,45.0,67.0,55.0,24.0,5.0,False
518,musharna,ムシャーナ,mushāna,musharna,https://pokeapi.co/api/v2/pokemon/518/,Psychic,,116.0,55.0,85.0,107.0,95.0,29.0,5.0,False
519,pidove,マメパト,mamepato,mamepato,https://pokeapi.co/api/v2/pokemon/519/,Normal,Flying,50.0,55.0,50.0,36.0,30.0,43.0,5.0,False
520,tranquill,ハトーポー,hatōpō,hatoboh,https://pokeapi.co/api/v2/pokemon/520/,Normal,Flying,62.0,77.0,62.0,50.0,42.0,65.0,5.0,False
521,unfezant,ケンホロウ,kenhorou,kenhallow,https://pokeapi.co/api/v2/pokemon/521/,Normal,Flying,80.0,115.0,80.0,65.0,55.0,93.0,5.0,False
522,blitzle,シママ,shimama,shimama,https://pokeapi.co/api/v2/pokemon/522/,Electric,,45.0,60.0,32.0,50.0,32.0,76.0,5.0,False
523,zebstrika,ゼブライカ,zeburaika,zebraika,https://pokeapi.co/api/v2/pokemon/523/,Electric,,75.0,100.0,63.0,80.0,63.0,116.0,5.0,False
524,roggenrola,ダンゴロ,dangoro,dangoro,https://pokeapi.co/api/v2/pokemon/524/,Rock,,55.0,75.0,85.0,25.0,25.0,15.0,5.0,False
525,boldore,ガントル,gantoru,gantle,https://pokeapi.co/api/v2/pokemon/525/,Rock,,70.0,105.0,105.0,50.0,40.0,20.0,5.0,False
526,gigalith,ギガイアス,gigaiasu,gigaiath,https://pokeapi.co/api/v2/pokemon/526/,Rock,,85.0,135.0,130.0,60.0,80.0,25.0,5.0,False
527,woobat,コロモリ,koromori,koromori,https://pokeapi.co/api/v2/pokemon/527/,Psychic,Flying,55.0,45.0,43.0,55.0,43.0,72.0,5.0,False
528,swoobat,ココロモリ,kokoromori,kokoromori,https://pokeapi.co/api/v2/pokemon/528/,Psychic,Flying,67.0,57.0,55.0,77.0,55.0,114.0,5.0,False
529,drilbur,モグリュー,moguryū,mogurew,https://pokeapi.co/api/v2/pokemon/529/,Ground,,60.0,85.0,40.0,30.0,45.0,68.0,5.0,False
530,excadrill,ドリュウズ,doryūzu,doryuzu,https://pokeapi.co/api/v2/pokemon/530/,Ground,Steel,110.0,135.0,60.0,50.0,65.0,88.0,5.0,False
531,audino,タブンネ,tabunne,tabunne,https://pokeapi.co/api/v2/pokemon/531/,Normal,,103.0,60.0,86.0,60.0,86.0,50.0,5.0,False
532,timburr,ドッコラー,dokkorā,dokkoraa,https://pokeapi.co/api/v2/pokemon/532/,Fighting,,75.0,80.0,55.0,25.0,35.0,35.0,5.0,False
533,gurdurr,ドテッコツ,dotekkotsu,dotekkotsu,https://pokeapi.co/api/v2/pokemon/533/,Fighting,,85.0,105.0,85.0,40.0,50.0,40.0,5.0,False
534,conkeldurr,ロープシン,rōhpushin,roobushin,https://pokeapi.co/api/v2/pokemon/534/,Fighting,,105.0,140.0,95.0,55.0,65.0,45.0,5.0,False
535,tympole,オタマロ,otamaro,otamaro,https://pokeapi.co/api/v2/pokemon/535/,Water,,50.0,50.0,40.0,50.0,40.0,64.0,5.0,False
536,palpitoad,ガマガル,gamagaru,gamagaru,https://pokeapi.co/api/v2/pokemon/536/,Water,Ground,75.0,65.0,55.0,65.0,55.0,69.0,5.0,False
537,seismitoad,ガマゲロゲ,gamageroge,gamageroge,https://pokeapi.co/api/v2/pokemon/537/,Water,Ground,105.0,95.0,75.0,85.0,75.0,74.0,5.0,False
538,throh,ナゲキ,nageki,nageki,https://pokeapi.co/api/v2/pokemon/538/,Fighting,,120.0,100.0,85.0,30.0,85.0,45.0,5.0,False
539,sawk,ダゲキ,dageki,dageki,https://pokeapi.co/api/v2/pokemon/539/,Fighting,,75.0,125.0,75.0,30.0,75.0,85.0,5.0,False
540,sewaddle,クルミル,kurumiru,kurumiru,https://pokeapi.co/api/v2/pokemon/540/,Bug,Grass,45.0,53.0,70.0,40.0,60.0,42.0,5.0,False
541,swadloon,クルマユ,kurumayu,kurumayu,https://pokeapi.co/api/v2/pokemon/541/,Bug,Grass,55.0,63.0,90.0,50.0,80.0,42.0,5.0,False
542,leavanny,ハハコモリ,hahakomori,hahakomori,https://pokeapi.co/api/v2/pokemon/542/,Bug,Grass,75.0,103.0,80.0,70.0,80.0,92.0,5.0,False
543,venipede,フシデ,fushide,fushide,https://pokeapi.co/api/v2/pokemon/543/,Bug,Poison,30.0,45.0,59.0,30.0,39.0,57.0,5.0,False
544,whirlipede,ホイーガ,hoīga,hoiiga,https://pokeapi.co/api/v2/pokemon/544/,Bug,Poison,40.0,55.0,99.0,40.0,79.0,47.0,5.0,False
545,scolipede,ペンドラー,pendorā,pendror,https://pokeapi.co/api/v2/pokemon/545/,Bug,Poison,60.0,100.0,89.0,55.0,69.0,112.0,5.0,False
546,cottonee,モンメン,monmen,monmen,https://pokeapi.co/api/v2/pokemon/546/,Grass,Fairy,40.0,27.0,60.0,37.0,50.0,66.0,5.0,False
547,whimsicott,エルフーン,erufūn,elfuun,https://pokeapi.co/api/v2/pokemon/547/,Grass,Fairy,60.0,67.0,85.0,77.0,75.0,116.0,5.0,False
548,petilil,チュリネ,churine,churine,https://pokeapi.co/api/v2/pokemon/548/,Grass,,45.0,35.0,50.0,70.0,50.0,30.0,5.0,False
549,lilligant,ドレディア,doredia,dredear,https://pokeapi.co/api/v2/pokemon/549/,Grass,,70.0,60.0,75.0,110.0,75.0,90.0,5.0,False
550,basculin,バスラオ,basurao,bassrao,,Water,,70.0,92.0,65.0,80.0,55.0,98.0,5.0,False
551,sandile,メグロコ,meguroko,meguroco,https://pokeapi.co/api/v2/pokemon/551/,Ground,Dark,50.0,72.0,35.0,35.0,35.0,65.0,5.0,False
552,krokorok,ワルビル,warubiru,waruvile,https://pokeapi.co/api/v2/pokemon/552/,Ground,Dark,60.0,82.0,45.0,45.0,45.0,74.0,5.0,False
553,krookodile,ワルビアル,warubiaru,waruvial,https://pokeapi.co/api/v2/pokemon/553/,Ground,Dark,95.0,117.0,80.0,65.0,70.0,92.0,5.0,False
554,darumaka,ダルマッカ,darumakka,darumakka,https://pokeapi.co/api/v2/pokemon/554/,Fire,,70.0,90.0,45.0,15.0,45.0,50.0,5.0,False
555,darmanitan,ヒヒダルマ,hihidaruma,hihidaruma,,,,,,,,,,,
556,maractus,マラカッチ,marakacchi,maracacchi,https://pokeapi.co/api/v2/pokemon/556/,Grass,,75.0,86.0,67.0,106.0,67.0,60.0,5.0,False
557,dwebble,イシズマイ,ishizumai,ishizumai,https://pokeapi.co/api/v2/pokemon/557/,Bug,Rock,50.0,65.0,85.0,35.0,35.0,55.0,5.0,False
558,crustle,イワパレス,iwaparesu,iwaparesu,https://pokeapi.co/api/v2/pokemon/558/,Bug,Rock,70.0,95.0,125.0,65.0,75.0,45.0,5.0,False
559,scraggy,ズルック,zuruggu,zuruggu,https://pokeapi.co/api/v2/pokemon/559/,Dark,Fighting,50.0,75.0,70.0,35.0,70.0,48.0,5.0,False
560,scrafty,ズルズキン,zuruzukin,zuruzukin,https://pokeapi.co/api/v2/pokemon/560/,Dark,Fighting,65.0,90.0,115.0,45.0,115.0,58.0,5.0,False
561,sigilyph,シンボラー,shinborā,symboler,https://pokeapi.co/api/v2/pokemon/561/,Psychic,Flying,72.0,58.0,80.0,103.0,80.0,97.0,5.0,False
562,yamask,デスマス,desumasu,deathmas,https://pokeapi.co/api/v2/pokemon/562/,Ghost,,38.0,30.0,85.0,55.0,65.0,30.0,5.0,False
563,cofagrigus,デスカーン,desukān,desukarn,https://pokeapi.co/api/v2/pokemon/563/,Ghost,,58.0,50.0,145.0,95.0,105.0,30.0,5.0,False
564,tirtouga,プロトーガ,purotōga,purotoga,https://pokeapi.co/api/v2/pokemon/564/,Water,Rock,54.0,78.0,103.0,53.0,45.0,22.0,5.0,False
565,carracosta,アバゴーラ,abagōra,abagoura,https://pokeapi.co/api/v2/pokemon/565/,Water,Rock,74.0,108.0,133.0,83.0,65.0,32.0,5.0,False
566,archen,アーケン,āken,archen,https://pokeapi.co/api/v2/pokemon/566/,Rock,Flying,55.0,112.0,45.0,74.0,45.0,70.0,5.0,False
567,archeops,アーケオス,ākeosu,archeos,https://pokeapi.co/api/v2/pokemon/567/,Rock,Flying,75.0,140.0,65.0,112.0,65.0,110.0,5.0,False
568,trubbish,ヤブクロン,yabukuron,yabukuron,https://pokeapi.co/api/v2/pokemon/568/,Poison,,50.0,50.0,62.0,40.0,62.0,65.0,5.0,False
569,garbodor,ダストダス,dasutodasu,dasutodasu,https://pokeapi.co/api/v2/pokemon/569/,Poison,,80.0,95.0,82.0,60.0,82.0,75.0,5.0,False
570,zorua,ゾロア,zoroa,zorua,https://pokeapi.co/api/v2/pokemon/570/,Dark,,40.0,65.0,40.0,80.0,40.0,65.0,5.0,False
571,zoroark,ゾロアーク,zoroāku,zoroark,https://pokeapi.co/api/v2/pokemon/571/,Dark,,60.0,105.0,60.0,120.0,60.0,105.0,5.0,False
572,minccino,チラーミィ,chirāmī,chillarmy,https://pokeapi.co/api/v2/pokemon/572/,Normal,,55.0,50.0,40.0,40.0,40.0,75.0,5.0,False
573,cinccino,チラチーノ,chirachīno,chillaccino,https://pokeapi.co/api/v2/pokemon/573/,Normal,,75.0,95.0,60.0,65.0,60.0,115.0,5.0,False
574,gothita,ゴチム,gochimu,gothemme,https://pokeapi.co/api/v2/pokemon/574/,Psychic,,45.0,30.0,50.0,55.0,65.0,45.0,5.0,False
575,gothorita,ゴチミル,gochimiru,gothimelle,https://pokeapi.co/api/v2/pokemon/575/,Psychic,,60.0,45.0,70.0,75.0,85.0,55.0,5.0,False
576,gothitelle,ゴチルゼル,gochiruzeru,gothiruselle,https://pokeapi.co/api/v2/pokemon/576/,Psychic,,70.0,55.0,95.0,95.0,110.0,65.0,5.0,False
577,solosis,ユニラン,yuniran,uniran,https://pokeapi.co/api/v2/pokemon/577/,Psychic,,45.0,30.0,40.0,105.0,50.0,20.0,5.0,False
578,duosion,ダブラン,daburan,daburan,https://pokeapi.co/api/v2/pokemon/578/,Psychic,,65.0,40.0,50.0,125.0,60.0,30.0,5.0,False
579,reuniclus,ランクルス,rankurusu,lanculus,https://pokeapi.co/api/v2/pokemon/579/,Psychic,,110.0,65.0,75.0,125.0,85.0,30.0,5.0,False
580,ducklett,コアルヒー,koaruhī,koaruhie,https://pokeapi.co/api/v2/pokemon/580/,Water,Flying,62.0,44.0,50.0,44.0,50.0,55.0,5.0,False
581,swanna,スワンナ,swanna,swanna,https://pokeapi.co/api/v2/pokemon/581/,Water,Flying,75.0,87.0,63.0,87.0,63.0,98.0,5.0,False
582,vanillite,バニプッチ,banipucchi,vanipeti,https://pokeapi.co/api/v2/pokemon/582/,Ice,,36.0,50.0,50.0,65.0,60.0,44.0,5.0,False
583,vanillish,バニリッチ,baniricchi,vaniricchi',https://pokeapi.co/api/v2/pokemon/583/,Ice,,51.0,65.0,65.0,80.0,75.0,59.0,5.0,False
584,vanilluxe,バイバニラ,baibanira,vaivanilla,https://pokeapi.co/api/v2/pokemon/584/,Ice,,71.0,95.0,85.0,110.0,95.0,79.0,5.0,False
585,deerling,シキジカ,shikijika,shikijika,https://pokeapi.co/api/v2/pokemon/585/,Normal,Grass,60.0,60.0,50.0,40.0,50.0,75.0,5.0,False
586,sawsbuck,メブキジカ,mebukijika,mebukijika,https://pokeapi.co/api/v2/pokemon/586/,Normal,Grass,80.0,100.0,70.0,60.0,70.0,95.0,5.0,False
587,emolga,エモンガ,emonga,emonga,https://pokeapi.co/api/v2/pokemon/587/,Electric,Flying,55.0,75.0,60.0,75.0,60.0,103.0,5.0,False
588,karrablast,カブルモ,kaburumo,kaburumo,https://pokeapi.co/api/v2/pokemon/588/,Bug,,50.0,75.0,45.0,40.0,45.0,60.0,5.0,False
589,escavalier,シュバルゴ,shubarugo,chevargo,https://pokeapi.co/api/v2/pokemon/589/,Bug,Steel,70.0,135.0,105.0,60.0,105.0,20.0,5.0,False
590,foongus,タマゲタケ,tamagetake,tamagetake,https://pokeapi.co/api/v2/pokemon/590/,Grass,Poison,69.0,55.0,45.0,55.0,55.0,15.0,5.0,False
591,amoonguss,モロバレル,morobareru,morobareru,https://pokeapi.co/api/v2/pokemon/591/,Grass,Poison,114.0,85.0,70.0,85.0,80.0,30.0,5.0,False
592,frillish,プルリル,pururiru,pururiru,https://pokeapi.co/api/v2/pokemon/592/,Water,Ghost,55.0,40.0,50.0,65.0,85.0,40.0,5.0,False
593,jellicent,ブルンゲル,burunkeru,burungel,https://pokeapi.co/api/v2/pokemon/593/,Water,Ghost,100.0,60.0,70.0,85.0,105.0,60.0,5.0,False
594,alomomola,ママンボウ,mamanbou,mamanbou,https://pokeapi.co/api/v2/pokemon/594/,Water,,165.0,75.0,80.0,40.0,45.0,65.0,5.0,False
595,joltik,バチュル,bachuru,batula,https://pokeapi.co/api/v2/pokemon/595/,Bug,Electric,50.0,47.0,50.0,57.0,50.0,65.0,5.0,False
596,galvantula,デンチュラ,denchura,dentula,https://pokeapi.co/api/v2/pokemon/596/,Bug,Electric,70.0,77.0,60.0,97.0,60.0,108.0,5.0,False
597,ferroseed,テッシード,tessīhdo,tesseed,https://pokeapi.co/api/v2/pokemon/597/,Grass,Steel,44.0,50.0,91.0,24.0,86.0,10.0,5.0,False
598,ferrothorn,ナットレイ,nattorei,nutrey,https://pokeapi.co/api/v2/pokemon/598/,Grass,Steel,74.0,94.0,131.0,54.0,116.0,20.0,5.0,False
599,klink,ギアル,giaru,gear,https://pokeapi.co/api/v2/pokemon/599/,Steel,,40.0,55.0,70.0,45.0,60.0,30.0,5.0,False
600,klang,ギギアル,gigiaru,gigiaru,https://pokeapi.co/api/v2/pokemon/600/,Steel,,60.0,80.0,95.0,70.0,85.0,50.0,5.0,False
601,klinklang,ギギギアル,gigigiaru,gigigiaru,https://pokeapi.co/api/v2/pokemon/601/,Steel,,60.0,100.0,115.0,70.0,85.0,90.0,5.0,False
602,tynamo,シビシラス,shibishirasu,shibishirasu,https://pokeapi.co/api/v2/pokemon/602/,Electric,,35.0,55.0,40.0,45.0,40.0,60.0,5.0,False
603,eelektrik,シビビール,shibibiiru,shibibiiru,https://pokeapi.co/api/v2/pokemon/603/,Electric,,65.0,85.0,70.0,75.0,70.0,40.0,5.0,False
604,eelektross,シビルドン,shibirudon,shibirudon,https://pokeapi.co/api/v2/pokemon/604/,Electric,,85.0,115.0,80.0,105.0,80.0,50.0,5.0,False
605,elgyem,リグレー,rigurē,riguree,https://pokeapi.co/api/v2/pokemon/605/,Psychic,,55.0,55.0,55.0,85.0,55.0,30.0,5.0,False
606,beheeyem,オーベム,ōbemu,oobemu,https://pokeapi.co/api/v2/pokemon/606/,Psychic,,75.0,75.0,75.0,125.0,95.0,40.0,5.0,False
607,litwick,ヒトモシ,hitomoshi,hitomoshi,https://pokeapi.co/api/v2/pokemon/607/,Ghost,Fire,50.0,30.0,55.0,65.0,55.0,20.0,5.0,False
608,lampent,ランプラー,ranpurā,ranpuraa,https://pokeapi.co/api/v2/pokemon/608/,Ghost,Fire,60.0,40.0,60.0,95.0,60.0,55.0,5.0,False
609,chandelure,シャンデラ,shandera,shandera,https://pokeapi.co/api/v2/pokemon/609/,Ghost,Fire,60.0,55.0,90.0,145.0,90.0,80.0,5.0,False
610,axew,キバゴ,kibago,kibago,https://pokeapi.co/api/v2/pokemon/610/,Dragon,,46.0,87.0,60.0,30.0,40.0,57.0,5.0,False
611,fraxure,オノンド,onondo,onondo,https://pokeapi.co/api/v2/pokemon/611/,Dragon,,66.0,117.0,70.0,40.0,50.0,67.0,5.0,False
612,haxorus,オノノクス,ononokusu,ononokus,https://pokeapi.co/api/v2/pokemon/612/,Dragon,,76.0,147.0,90.0,60.0,70.0,97.0,5.0,False
613,cubchoo,クマシュン,kumashun,kumasyun,https://pokeapi.co/api/v2/pokemon/613/,Ice,,55.0,70.0,40.0,60.0,40.0,40.0,5.0,False
614,beartic,ツンベアー,tsunbeā,tsunbear,https://pokeapi.co/api/v2/pokemon/614/,Ice,,95.0,110.0,80.0,70.0,80.0,50.0,5.0,False
615,cryogonal,フリージオ,furījio,freezio,https://pokeapi.co/api/v2/pokemon/615/,Ice,,70.0,50.0,30.0,95.0,135.0,105.0,5.0,False
616,shelmet,チョボマキ,chobomaki,chobomaki,https://pokeapi.co/api/v2/pokemon/616/,Bug,,50.0,40.0,85.0,40.0,65.0,25.0,5.0,False
617,accelgor,アギルダー,agirudā,agilder,https://pokeapi.co/api/v2/pokemon/617/,Bug,,80.0,70.0,40.0,100.0,60.0,145.0,5.0,False
618,stunfisk,マッギョ,maggyo,maggyo,https://pokeapi.co/api/v2/pokemon/618/,Ground,Electric,109.0,66.0,84.0,81.0,99.0,32.0,5.0,False
619,mienfoo,コジョフー,kojofū,kojofu,https://pokeapi.co/api/v2/pokemon/619/,Fighting,,45.0,85.0,50.0,55.0,50.0,65.0,5.0,False
620,mienshao,コジョンド,kojondo,kojondo,https://pokeapi.co/api/v2/pokemon/620/,Fighting,,65.0,125.0,60.0,95.0,60.0,105.0,5.0,False
621,druddigon,クリムガン,kurimugan,crimgan,https://pokeapi.co/api/v2/pokemon/621/,Dragon,,77.0,120.0,90.0,60.0,90.0,48.0,5.0,False
622,golett,ゴビット,gobitto,golbit,https://pokeapi.co/api/v2/pokemon/622/,Ground,Ghost,59.0,74.0,50.0,35.0,50.0,35.0,5.0,False
623,golurk,ゴルーグ,gorūgu,gorog,https://pokeapi.co/api/v2/pokemon/623/,Ground,Ghost,89.0,124.0,80.0,55.0,80.0,55.0,5.0,False
624,pawniard,コマタネ,komatana,komatana,https://pokeapi.co/api/v2/pokemon/624/,Dark,Steel,45.0,85.0,70.0,40.0,40.0,60.0,5.0,False
625,bisharp,キリキザン,kirikizan,kirikizan,https://pokeapi.co/api/v2/pokemon/625/,Dark,Steel,65.0,125.0,100.0,60.0,70.0,70.0,5.0,False
626,bouffalant,バッフロン,baffuron,buffron,https://pokeapi.co/api/v2/pokemon/626/,Normal,,95.0,110.0,95.0,40.0,95.0,55.0,5.0,False
627,rufflet,ワシボン,washibon,washibon,https://pokeapi.co/api/v2/pokemon/627/,Normal,Flying,70.0,83.0,50.0,37.0,50.0,60.0,5.0,False
628,braviary,ウォーグル,wōguru,warrgle,https://pokeapi.co/api/v2/pokemon/628/,Normal,Flying,100.0,123.0,75.0,57.0,75.0,80.0,5.0,False
629,vullaby,バルチャイ,baruchai,vulchai,https://pokeapi.co/api/v2/pokemon/629/,Dark,Flying,70.0,55.0,75.0,45.0,65.0,60.0,5.0,False
630,mandibuzz,バルジーナ,barujīna,vuljina,https://pokeapi.co/api/v2/pokemon/630/,Dark,Flying,110.0,65.0,105.0,55.0,95.0,80.0,5.0,False
631,heatmor,クイタラン,kuitaran,kuitaran,https://pokeapi.co/api/v2/pokemon/631/,Fire,,85.0,97.0,66.0,105.0,66.0,65.0,5.0,False
632,durant,アイアント,aianto,aiant,https://pokeapi.co/api/v2/pokemon/632/,Bug,Steel,58.0,109.0,112.0,48.0,48.0,109.0,5.0,False
633,deino,モノズ,monozu,monose,https://pokeapi.co/api/v2/pokemon/633/,Dark,Dragon,52.0,65.0,50.0,45.0,50.0,38.0,5.0,False
634,zweilous,ジヘッド,jiheddo,jihead,https://pokeapi.co/api/v2/pokemon/634/,Dark,Dragon,72.0,85.0,70.0,65.0,70.0,58.0,5.0,False
635,hydreigon,サザンドラ,sazandora,sazandora,https://pokeapi.co/api/v2/pokemon/635/,Dark,Dragon,92.0,105.0,90.0,125.0,90.0,98.0,5.0,False
636,larvesta,メラルバ,meraruba,meraruda,https://pokeapi.co/api/v2/pokemon/636/,Bug,Fire,55.0,85.0,55.0,50.0,55.0,60.0,5.0,False
637,volcarona,ウルガモス,urugamosu,urgamoth,https://pokeapi.co/api/v2/pokemon/637/,Bug,Fire,85.0,60.0,65.0,135.0,105.0,100.0,5.0,False
638,cobalion,コバルオン,kobaruon,cobalon,https://pokeapi.co/api/v2/pokemon/638/,Steel,Fighting,91.0,90.0,129.0,90.0,72.0,108.0,5.0,True
639,terrakion,テラキオン,terakion,terrakion,https://pokeapi.co/api/v2/pokemon/639/,Rock,Fighting,91.0,129.0,90.0,72.0,90.0,108.0,5.0,True
640,virizion,ビリジオン,birijion,virizion,https://pokeapi.co/api/v2/pokemon/640/,Grass,Fighting,91.0,90.0,72.0,90.0,129.0,108.0,5.0,True
641,tornadus,トルネロス,torunerosu,torneros,,,,,,,,,,,
642,thundurus,ボルトロス,borutorosu,voltros,,,,,,,,,,,
643,reshiram,レシラム,reshiramu,reshiram,https://pokeapi.co/api/v2/pokemon/643/,Dragon,Fire,100.0,120.0,100.0,150.0,120.0,90.0,5.0,True
644,zekrom,ゼクロム,zekuromu,zekrom,https://pokeapi.co/api/v2/pokemon/644/,Dragon,Electric,100.0,150.0,120.0,120.0,100.0,90.0,5.0,True
645,landorus,ランドロス,randorosu,landros,,,,,,,,,,,
646,kyurem,キュレム,kyuremu,kyurem,https://pokeapi.co/api/v2/pokemon/646/,Dragon,Ice,125.0,130.0,90.0,130.0,90.0,95.0,5.0,True
647,keldeo,ケルディオ,kerudio,keldeo,,,,,,,,,,,
648,meloetta,メロエッタ,meroetta,meloetta,,,,,,,,,,,
649,genesect,ゲノセクト,genosekuto,genosect,https://pokeapi.co/api/v2/pokemon/649/,Bug,Steel,71.0,120.0,95.0,120.0,95.0,99.0,5.0,False
650,chespin,ハリマロン,harimaron,harimaron,https://pokeapi.co/api/v2/pokemon/650/,Grass,,56.0,61.0,65.0,48.0,45.0,38.0,6.0,False
651,quilladin,ハリボーグ,haribōgu,hariborg,https://pokeapi.co/api/v2/pokemon/651/,Grass,,61.0,78.0,95.0,56.0,58.0,57.0,6.0,False
652,chesnaught,ブリガロン,brigaron,brigarron,https://pokeapi.co/api/v2/pokemon/652/,Grass,Fighting,88.0,107.0,122.0,74.0,75.0,64.0,6.0,False
653,fennekin,フオッコ,fokko,fokko,https://pokeapi.co/api/v2/pokemon/653/,Fire,,40.0,45.0,40.0,62.0,60.0,60.0,6.0,False
654,braixen,テールナー,tērunā,tairenar,https://pokeapi.co/api/v2/pokemon/654/,Fire,,59.0,59.0,58.0,90.0,70.0,73.0,6.0,False
655,delphox,マフォクシー,mafokushī,mahoxy,https://pokeapi.co/api/v2/pokemon/655/,Fire,Psychic,75.0,69.0,72.0,114.0,100.0,104.0,6.0,False
656,froakie,ケロマツ,keromatsu,keromatsu,https://pokeapi.co/api/v2/pokemon/656/,Water,,41.0,56.0,40.0,62.0,44.0,71.0,6.0,False
657,frogadier,ゲコガシラ,gekogashira,gekogashira,https://pokeapi.co/api/v2/pokemon/657/,Water,,54.0,63.0,52.0,83.0,56.0,97.0,6.0,False
658,greninja,ゲッコウガ,gekkōga,gekkouga,https://pokeapi.co/api/v2/pokemon/658/,Water,Dark,72.0,95.0,67.0,103.0,71.0,122.0,6.0,False
659,bunnelby,ハリビー,horubī,horubee,https://pokeapi.co/api/v2/pokemon/659/,Normal,,38.0,36.0,38.0,32.0,36.0,57.0,6.0,False
660,diggersby,ホルード,horūdo,horudo,https://pokeapi.co/api/v2/pokemon/660/,Normal,Ground,85.0,56.0,77.0,50.0,77.0,78.0,6.0,False
661,fletchling,ヤヤコマ,yayakoma,yayakoma,https://pokeapi.co/api/v2/pokemon/661/,Normal,Flying,45.0,50.0,43.0,40.0,38.0,62.0,6.0,False
662,fletchinder,ヒノヤコマ,hinoyakoma,hinoyakoma,https://pokeapi.co/api/v2/pokemon/662/,Fire,Flying,62.0,73.0,55.0,56.0,52.0,84.0,6.0,False
663,talonflame,ファイアロー,faiarō,firearrow,https://pokeapi.co/api/v2/pokemon/663/,Fire,Flying,78.0,81.0,71.0,74.0,69.0,126.0,6.0,False
664,scatterbug,コフキムシ,kofukimushi,kofukimushi,https://pokeapi.co/api/v2/pokemon/664/,Bug,,38.0,35.0,40.0,27.0,25.0,35.0,6.0,False
665,spewpa,コフーライ,kofūrai,kofuurai,https://pokeapi.co/api/v2/pokemon/665/,Bug,,45.0,22.0,60.0,27.0,30.0,29.0,6.0,False
666,vivillon,ビビヨン,bibiyon,viviyon,https://pokeapi.co/api/v2/pokemon/666/,Bug,Flying,80.0,52.0,50.0,90.0,50.0,89.0,6.0,False
667,litleo,シシコ,shishiko,shishiko,https://pokeapi.co/api/v2/pokemon/667/,Fire,Normal,62.0,50.0,58.0,73.0,54.0,72.0,6.0,False
668,pyroar,カエンジシ,kaenjishi,kaenjishi,https://pokeapi.co/api/v2/pokemon/668/,Fire,Normal,86.0,68.0,72.0,109.0,66.0,106.0,6.0,False
669,flabébé,フラベベ,furabebe,flabebe,,Fairy,,44.0,38.0,39.0,61.0,79.0,42.0,6.0,False
670,floette,フラエッテ,furaette,–,https://pokeapi.co/api/v2/pokemon/670/,Fairy,,54.0,45.0,47.0,75.0,98.0,52.0,6.0,False
671,florges,フラージェス,furājesu,–,https://pokeapi.co/api/v2/pokemon/671/,Fairy,,78.0,65.0,68.0,112.0,154.0,75.0,6.0,False
672,skiddo,メェークル,mēkuru,meecle,https://pokeapi.co/api/v2/pokemon/672/,Grass,,66.0,65.0,48.0,62.0,57.0,52.0,6.0,False
673,gogoat,ゴーゴート,gōgōto,gogoat,https://pokeapi.co/api/v2/pokemon/673/,Grass,,123.0,100.0,62.0,97.0,81.0,68.0,6.0,False
674,pancham,ヤンチャム,yanchamu,yancham,https://pokeapi.co/api/v2/pokemon/674/,Fighting,,67.0,82.0,62.0,46.0,48.0,43.0,6.0,False
675,pangoro,ゴロンダ,goronda,goronda,https://pokeapi.co/api/v2/pokemon/675/,Fighting,Dark,95.0,124.0,78.0,69.0,71.0,58.0,6.0,False
676,furfrou,トリミアン,torimian,trimmien,https://pokeapi.co/api/v2/pokemon/676/,Normal,,75.0,80.0,60.0,65.0,90.0,102.0,6.0,False
677,espurr,ニャスパー,nyasupā,nyasper,https://pokeapi.co/api/v2/pokemon/677/,Psychic,,62.0,48.0,54.0,63.0,60.0,68.0,6.0,False
678,meowstic,ニャオニクス,nyaonikusu,nyaonix,,,,,,,,,,,
679,honedge,ヒトツキ,hitotsuki,hitotsuki,https://pokeapi.co/api/v2/pokemon/679/,Steel,Ghost,45.0,80.0,100.0,35.0,37.0,28.0,6.0,False
680,doublade,ニダンギル,nidangiru,nidangill,https://pokeapi.co/api/v2/pokemon/680/,Steel,Ghost,59.0,110.0,150.0,45.0,49.0,35.0,6.0,False
681,aegislash,ギルガルド,girugarudo,gillgard,,,,,,,,,,,
682,sprtizee,シュシュプ,shushupu,shushupu,,,,,,,,,,,
683,aromatisse,フレフワン,furefuwan,frefuwan,https://pokeapi.co/api/v2/pokemon/683/,Fairy,,101.0,72.0,72.0,99.0,89.0,29.0,6.0,False
684,swirlix,ペロッパフ,peroppafu,peroppafu,https://pokeapi.co/api/v2/pokemon/684/,Fairy,,62.0,48.0,66.0,59.0,57.0,49.0,6.0,False
685,slurpuff,ペロリーム,perorīmu,peroream,https://pokeapi.co/api/v2/pokemon/685/,Fairy,,82.0,80.0,86.0,85.0,75.0,72.0,6.0,False
686,inkay,マーイーカ,māīka,maaiika,https://pokeapi.co/api/v2/pokemon/686/,Dark,Psychic,53.0,54.0,53.0,37.0,46.0,45.0,6.0,False
687,malamar,カラマネロ,karamanero,calamanero,https://pokeapi.co/api/v2/pokemon/687/,Dark,Psychic,86.0,92.0,88.0,68.0,75.0,73.0,6.0,False
688,binacle,カメテテ,kametete,kametete,https://pokeapi.co/api/v2/pokemon/688/,Rock,Water,42.0,52.0,67.0,39.0,56.0,50.0,6.0,False
689,barbaracle,ガメノデス,gamenodesu,gamenodes,https://pokeapi.co/api/v2/pokemon/689/,Rock,Water,72.0,105.0,115.0,54.0,86.0,68.0,6.0,False
690,skrelp,クズモー,kuzumō,kuzumo,https://pokeapi.co/api/v2/pokemon/690/,Poison,Water,50.0,60.0,60.0,60.0,60.0,30.0,6.0,False
691,dragalge,ドラミドロ,doramidoro,dramidoro,https://pokeapi.co/api/v2/pokemon/691/,Poison,Dragon,65.0,75.0,90.0,97.0,123.0,44.0,6.0,False
692,clauncher,ウデッポウ,udeppō,udeppou,https://pokeapi.co/api/v2/pokemon/692/,Water,,50.0,53.0,62.0,58.0,63.0,44.0,6.0,False
693,clawitzer,ブロスター,burosutā,bloster,https://pokeapi.co/api/v2/pokemon/693/,Water,,71.0,73.0,88.0,120.0,89.0,59.0,6.0,False
694,helioptile,エリキテル,erikiteru,erikiteru,https://pokeapi.co/api/v2/pokemon/694/,Electric,Normal,44.0,38.0,33.0,61.0,43.0,70.0,6.0,False
695,heliolisk,エレザード,erezādo,elezard,https://pokeapi.co/api/v2/pokemon/695/,Electric,Normal,62.0,55.0,52.0,109.0,94.0,109.0,6.0,False
696,tyrunt,チゴラス,chigorasu,chigoras,https://pokeapi.co/api/v2/pokemon/696/,Rock,Dragon,58.0,89.0,77.0,45.0,45.0,48.0,6.0,False
697,tyrantrum,ガチゴラス,gachigorasu,gachigoras,https://pokeapi.co/api/v2/pokemon/697/,Rock,Dragon,82.0,121.0,119.0,69.0,59.0,71.0,6.0,False
698,amaura,アマルス,amarusu,amarus,https://pokeapi.co/api/v2/pokemon/698/,Rock,Ice,77.0,59.0,50.0,67.0,63.0,46.0,6.0,False
699,aurorus,アマルルガ,amaruruga,amaruruga,https://pokeapi.co/api/v2/pokemon/699/,Rock,Ice,123.0,77.0,72.0,99.0,92.0,58.0,6.0,False
700,sylveon,ニンフィア,ninfia,nymphia,https://pokeapi.co/api/v2/pokemon/700/,Fairy,,95.0,65.0,65.0,110.0,130.0,60.0,6.0,False
701,hawlucha,ルチャブル,ruchaburu,luchabull,https://pokeapi.co/api/v2/pokemon/701/,Fighting,Flying,78.0,92.0,75.0,74.0,63.0,118.0,6.0,False
702,dedenne,デデンネ,dedenne,dedenne,https://pokeapi.co/api/v2/pokemon/702/,Electric,Fairy,67.0,58.0,57.0,81.0,67.0,101.0,6.0,False
703,carbink,メレシー,mereshī,melecie,https://pokeapi.co/api/v2/pokemon/703/,Rock,Fairy,50.0,50.0,150.0,50.0,150.0,50.0,6.0,False
704,goomy,ヌメラ,numera,numera,https://pokeapi.co/api/v2/pokemon/704/,Dragon,,45.0,50.0,35.0,55.0,75.0,40.0,6.0,False
705,sliggoo,ヌメイル,numeiru,numeil,https://pokeapi.co/api/v2/pokemon/705/,Dragon,,68.0,75.0,53.0,83.0,113.0,60.0,6.0,False
706,goodra,ヌメルゴン,numerugon,numerugon,https://pokeapi.co/api/v2/pokemon/706/,Dragon,,90.0,100.0,70.0,110.0,150.0,80.0,6.0,False
707,klefki,クレッフィ,kureffi,kleffi,https://pokeapi.co/api/v2/pokemon/707/,Steel,Fairy,57.0,80.0,91.0,80.0,87.0,75.0,6.0,False
708,phantump,ボクレー,bokurē,bokurei,https://pokeapi.co/api/v2/pokemon/708/,Ghost,Grass,43.0,70.0,48.0,50.0,60.0,38.0,6.0,False
709,trevenant,オーロット,ōrotto,ohrot,https://pokeapi.co/api/v2/pokemon/709/,Ghost,Grass,85.0,110.0,76.0,65.0,82.0,56.0,6.0,False
710,pumpkaboo,バケッチャ,baketcha,bakeccha,,,,,,,,,,,
711,gourgeist,パンプジン,panpujin,pumpjin,,,,,,,,,,,
712,bergmite,カチコール,kachikōru,kachikohru,https://pokeapi.co/api/v2/pokemon/712/,Ice,,55.0,69.0,85.0,32.0,35.0,28.0,6.0,False
713,avalugg,クレベース,kurebēsu,crebase,https://pokeapi.co/api/v2/pokemon/713/,Ice,,95.0,117.0,184.0,44.0,46.0,28.0,6.0,False
714,noibat,オンバット,onbatto,onbat,https://pokeapi.co/api/v2/pokemon/714/,Flying,Dragon,40.0,30.0,35.0,45.0,40.0,55.0,6.0,False
715,noivern,オンバーン,onbān,onvern,https://pokeapi.co/api/v2/pokemon/715/,Flying,Dragon,85.0,70.0,80.0,97.0,80.0,123.0,6.0,False
716,xerneas,ゼルネアス,zeruneasu,xerneas,https://pokeapi.co/api/v2/pokemon/716/,Fairy,,126.0,131.0,95.0,131.0,98.0,99.0,6.0,True
717,yveltal,イベルタル,iberutaru,yveltal,https://pokeapi.co/api/v2/pokemon/717/,Dark,Flying,126.0,131.0,95.0,131.0,98.0,99.0,6.0,True
718,zygarde,ジガルデ,jigarude,zygarde,https://pokeapi.co/api/v2/pokemon/718/,,,,,,,,,,
719,diancie,ディアンシー,dianshī,diancie,https://pokeapi.co/api/v2/pokemon/719/,Rock,Fairy,50.0,100.0,150.0,100.0,150.0,50.0,6.0,True
720,hoopa,フーパ,fūpa,hoopa,https://pokeapi.co/api/v2/pokemon/720/,,,,,,,,,,
721,volcanion,ボルケニオン,borukenion,volcanion,https://pokeapi.co/api/v2/pokemon/721/,Fire,Water,80.0,110.0,120.0,130.0,90.0,70.0,6.0,True
722,rowlet,モクロー,mokurō,mokuroh,https://pokeapi.co/api/v2/pokemon/722/,,,,,,,,,,
723,dartrix,フクスロー,fukusurō,fukusuroh,https://pokeapi.co/api/v2/pokemon/723/,,,,,,,,,,
724,decidueye,ジュナイパー,junaipā,juniper,https://pokeapi.co/api/v2/pokemon/724/,,,,,,,,,,
725,litten,ニャビー,nyabī,nyabby,https://pokeapi.co/api/v2/pokemon/725/,,,,,,,,,,
726,torracat,ニャヒート,nyahīto,hyaheat,https://pokeapi.co/api/v2/pokemon/726/,,,,,,,,,,
727,incineroar,ガオガエン,gaogaen,gaogaen,https://pokeapi.co/api/v2/pokemon/727/,,,,,,,,,,
728,popplio,アシマリ,ashimari,ashimari,https://pokeapi.co/api/v2/pokemon/728/,,,,,,,,,,
729,brionne,オシャマリ,oshyamari,osyamari,https://pokeapi.co/api/v2/pokemon/729/,,,,,,,,,,
730,primarina,アシレーヌ,ashirēnu,ashirene,https://pokeapi.co/api/v2/pokemon/730/,,,,,,,,,,
731,pikipek,ツツケラ,tsutsukera,tsutsukera,https://pokeapi.co/api/v2/pokemon/731/,,,,,,,,,,
732,trumbeak,ケララッパ,kerarappa,kerarappa,https://pokeapi.co/api/v2/pokemon/732/,,,,,,,,,,
733,toucannon,ドデカバシ,dodekabashi,dodekabashi,https://pokeapi.co/api/v2/pokemon/733/,,,,,,,,,,
734,yungoos,ヤングース,yangūsu,youngoose,https://pokeapi.co/api/v2/pokemon/734/,,,,,,,,,,
735,gumshoos,デカグース,dekagūsu,dekagoose,https://pokeapi.co/api/v2/pokemon/735/,,,,,,,,,,
736,grubbin,アゴジムシ,agojimushi,agojimushi,https://pokeapi.co/api/v2/pokemon/736/,,,,,,,,,,
737,charjabug,デンヂムシ,denjimushi,dendimushi,https://pokeapi.co/api/v2/pokemon/737/,,,,,,,,,,
738,vikavolt,クワガノン,kuwaganon,kuwagannon,https://pokeapi.co/api/v2/pokemon/738/,,,,,,,,,,
739,crabrawler,マケンカニ,makenkani,makenkani,https://pokeapi.co/api/v2/pokemon/739/,,,,,,,,,,
740,crabominable,ケンケンカニ,kekenkani,kekenkani,https://pokeapi.co/api/v2/pokemon/740/,,,,,,,,,,
741,oricorio,オドリドリ,odoridori,odoridori,,,,,,,,,,,
742,cutiefly,アブリー,aburī,abuly,https://pokeapi.co/api/v2/pokemon/742/,,,,,,,,,,
743,ribombee,アブリボン,aburibon,aburibbon,https://pokeapi.co/api/v2/pokemon/743/,,,,,,,,,,
744,rockruff,イワンコ,iwanko,iwanko,https://pokeapi.co/api/v2/pokemon/744/,,,,,,,,,,
745,lycanroc,ルガルガン,rugarugan,lugarugan,,,,,,,,,,,
746,wishiwashi,ヨワシ,yowashi,yowashi,,,,,,,,,,,
747,mareanie,ヒドイデ,hidoide,hidoide,https://pokeapi.co/api/v2/pokemon/747/,,,,,,,,,,
748,toxapex,ドヒドイデ,dohidoide,dohidoide,https://pokeapi.co/api/v2/pokemon/748/,,,,,,,,,,
749,mudbray,ドロバンコ,dorobanko,dorobanko,https://pokeapi.co/api/v2/pokemon/749/,,,,,,,,,,
750,mudsdale,バンバドロ,banbadoro,banbadoro,https://pokeapi.co/api/v2/pokemon/750/,,,,,,,,,,
751,dewpider,シズクモ,shizukumo,shizukumo,https://pokeapi.co/api/v2/pokemon/751/,,,,,,,,,,
752,araquanid,オニシズクモ,onishizukumo,shizukumo,https://pokeapi.co/api/v2/pokemon/752/,,,,,,,,,,
753,fomantis,カラキリ,karikiri,karikiri,https://pokeapi.co/api/v2/pokemon/753/,,,,,,,,,,
754,lurantis,ラランテス,rarantesu,lalantes,https://pokeapi.co/api/v2/pokemon/754/,,,,,,,,,,
755,morelull,ネマシュ,nemashu,nemasyu,https://pokeapi.co/api/v2/pokemon/755/,,,,,,,,,,
756,shiinotic,マシェード,mashēdo,mashade,https://pokeapi.co/api/v2/pokemon/756/,,,,,,,,,,
757,salandit,ヤトウモリ,yatōmori,yatoumori,https://pokeapi.co/api/v2/pokemon/757/,,,,,,,,,,
758,salazzle,エンニュート,ennyūto,ennewt,https://pokeapi.co/api/v2/pokemon/758/,,,,,,,,,,
759,stufful,ネイコグマ,nuikoguma,nuikoguma,https://pokeapi.co/api/v2/pokemon/759/,,,,,,,,,,
760,bewear,キテルグマ,kiteruguma,iterugumak,https://pokeapi.co/api/v2/pokemon/760/,,,,,,,,,,
761,bounsweet,アマカジ,amakaji,amakaji,https://pokeapi.co/api/v2/pokemon/761/,,,,,,,,,,
762,steenee,アママイコ,amamaiko,amamaiko,https://pokeapi.co/api/v2/pokemon/762/,,,,,,,,,,
763,tsareena,アマージョ,amājo,amajo,https://pokeapi.co/api/v2/pokemon/763/,,,,,,,,,,
764,comfey,キュワワー,kyuwawā,cuwawa,https://pokeapi.co/api/v2/pokemon/764/,,,,,,,,,,
765,oranguru,ヤレユータン,yareyūtan,yareyuutan,https://pokeapi.co/api/v2/pokemon/765/,,,,,,,,,,
766,passimian,ナゲツケザル,nagetsukesaru,nagetsukesaru,https://pokeapi.co/api/v2/pokemon/766/,,,,,,,,,,
767,wimpod,コソクムシ,kosokumushi,kosokumushi,https://pokeapi.co/api/v2/pokemon/767/,,,,,,,,,,
768,golisopod,グソクムシャ,gusokumusha,gusokumusha,https://pokeapi.co/api/v2/pokemon/768/,,,,,,,,,,
769,sandygast,スナバァ,sunabā,sunaba,https://pokeapi.co/api/v2/pokemon/769/,,,,,,,,,,
770,palossand,シロデスナ,shirodesuna,sirodethna,https://pokeapi.co/api/v2/pokemon/770/,,,,,,,,,,
771,pyukumuku,ナマコブシ,namakobushi,namakobushi,https://pokeapi.co/api/v2/pokemon/771/,,,,,,,,,,
772,código,cero,タイプ:ヌル,taipu:,,,,,,,,,,,
773,silvally,シルヴァディ,shiruvadi,sillvady,https://pokeapi.co/api/v2/pokemon/773/,,,,,,,,,,
774,minior,メテノ,meteno,meteno,,,,,,,,,,,
775,komala,ネッコアラ,nekkoara,nekkoala,https://pokeapi.co/api/v2/pokemon/775/,,,,,,,,,,
776,turtonator,バクガメス,bakugamesu,bakugames,https://pokeapi.co/api/v2/pokemon/776/,,,,,,,,,,
777,togedemaru,トゲデマル,togedemaru,togedemaru,https://pokeapi.co/api/v2/pokemon/777/,,,,,,,,,,
778,mimikyu,ミミッキュ,mimikkyu,mimikkyu,,,,,,,,,,,
779,bruxish,ハギギシリ,hagigishiri,hagigishiri,https://pokeapi.co/api/v2/pokemon/779/,,,,,,,,,,
780,drampa,ジジーロン,jijīron,jijilong,https://pokeapi.co/api/v2/pokemon/780/,,,,,,,,,,
781,dhelmise,ダダリン,dadarin,dadarin,https://pokeapi.co/api/v2/pokemon/781/,,,,,,,,,,
782,jangmo-o,ジャラコ,jarako,jyarako,https://pokeapi.co/api/v2/pokemon/782/,,,,,,,,,,
783,hakamo-o,ジャランゴ,jarango,jyarango,https://pokeapi.co/api/v2/pokemon/783/,,,,,,,,,,
784,kommo-o,ジャラランガ,jararanga,jyararanga,https://pokeapi.co/api/v2/pokemon/784/,,,,,,,,,,
785,tapu,koko,カプ・コケコ,kapu,,,,,,,,,,,
786,tapu,lele,カプ・テテフ,kapu,,,,,,,,,,,
787,tapu,bulu,カプ・ブルル,kapu,,,,,,,,,,,
788,tapu,fini,カプ・レヒレ,kapu,,,,,,,,,,,
789,cosmog,コスモッグ,kosumoggu,cosmog,https://pokeapi.co/api/v2/pokemon/789/,,,,,,,,,,
790,cosmoem,コスモウム,kosumoumu,cosmovum,https://pokeapi.co/api/v2/pokemon/790/,,,,,,,,,,
791,solgaleo,ソルガレオ,sorugareo,solgaleo,https://pokeapi.co/api/v2/pokemon/791/,,,,,,,,,,
792,lunala,ルナアーラ,runaāra,lunala,https://pokeapi.co/api/v2/pokemon/792/,,,,,,,,,,
793,nihilego,ウツロイド,utsuroido,uturoid,https://pokeapi.co/api/v2/pokemon/793/,,,,,,,,,,
794,buzzwole,マッシブーン,masshibūn,masshivoon,https://pokeapi.co/api/v2/pokemon/794/,,,,,,,,,,
795,pheromosa,フェローチエ,ferōche,pheroache,https://pokeapi.co/api/v2/pokemon/795/,,,,,,,,,,
796,xurkitree,デンジュモク,denjumoku,denjumoku,https://pokeapi.co/api/v2/pokemon/796/,,,,,,,,,,
797,celesteela,テッカグヤ,tekkaguya,tekkaguya,https://pokeapi.co/api/v2/pokemon/797/,,,,,,,,,,
798,kartana,マチスルギ,kamitsurugi,kamitsurugi,https://pokeapi.co/api/v2/pokemon/798/,,,,,,,,,,
799,guzzlord,アクジキング,akujikingu,akuziking,https://pokeapi.co/api/v2/pokemon/799/,,,,,,,,,,
800,necrozma,ネクロズマ,nekurozuma,necrozma,https://pokeapi.co/api/v2/pokemon/800/,,,,,,,,,,
801,magearna,マギアナ,magiana,magearna,,,,,,,,,,,
802,marshadow,マーシャドー,māshadō,marshadow,,,,,,,,,,,
803,poipole,ベベノム,bebedomu,bevenom,,,,,,,,,,,
804,naganadel,アーゴヨン,āgoyon,agoyon,,,,,,,,,,,
805,stakataka,ツンデツンデ,tsundetsunde,tsundetsunde,,,,,,,,,,,
806,blacephalon,ズガドーン,zugadōn,zugadoon,,,,,,,,,,,
807,zeraora,ゼラオラ,zeraora,zeraora,,,,,,,,,,,
808,meltan,メルタン,meltan,meltan,,,,,,,,,,,
809,melmetal,メルメタル,melmetal,melmetal,,,,,,,,,,,
810,grookey,サルノリ,sarunori,sarunori,,,,,,,,,,,
811,thwackey,バチンキー,pachinkī,–,,,,,,,,,,,
812,rillaboom,ゴリランダー,gorirandā,gorilander,,,,,,,,,,,
813,scorbunny,ヒバニー,hibanī,hibunny,,,,,,,,,,,
814,raboot,ラビフット,rabifutto,rabifoot,,,,,,,,,,,
815,cinderace,エースバーン,ēsubān,aceburn,,,,,,,,,,,
816,sobble,メッソン,messhun,-,,,,,,,,,,,
817,drizzile,ジメレオン,jimeleon,-,,,,,,,,,,,
818,inteleon,インテレオン,inteleon,-,,,,,,,,,,,
819,skwovet,ホシガリス,hoshigarisu,-,,,,,,,,,,,
820,greedent,ヨクバリス,yokugarisu,-,,,,,,,,,,,
821,rookidee,ココガラ,kokogara,-,,,,,,,,,,,
822,corvisquire,アオガラス,aogarasu,-,,,,,,,,,,,
823,corviknight,アーマーガア,āmāgaa,-,,,,,,,,,,,
824,blipbug,サッチムシ,sacchimushi,-,,,,,,,,,,,
825,dottler,レドームシ,redōmushi,-,,,,,,,,,,,
826,orbeetle,iorupu,iorupu,-,,,,,,,,,,,
827,nickit,クスネ,kusune,-,,,,,,,,,,,
828,thievul,フォクスライ,fokusurai,-,,,,,,,,,,,
829,gossifleur,ヒメンカ,himenka,-,,,,,,,,,,,
830,eldegoss,ワタシラガ,watashiraga,-,,,,,,,,,,,
831,wooloo,ウールー,ūrū,-,,,,,,,,,,,
832,dubwool,バイウールー,baiūrū,-,,,,,,,,,,,
833,chewtle,カムカメ,kamugane,-,,,,,,,,,,,
834,drednaw,カジリガメ,gajirigame,-,,,,,,,,,,,
835,yamper,ワンパチ,wanpachi,-,,,,,,,,,,,
836,boltund,パルスワン,parusuwan,-,,,,,,,,,,,
837,rolycoly,タンドン,tandon,-,,,,,,,,,,,
838,carkol,トロッゴン,toroggon,-,,,,,,,,,,,
839,coalossal,セキタンザン,sekitanzan,-,,,,,,,,,,,
840,applin,カジッチュ,gajicchu,-,,,,,,,,,,,
841,flapple,アップリュー,appuryū,-,,,,,,,,,,,
842,appletun,タルップル,taruppuru,-,,,,,,,,,,,
843,silicobra,スナヘビ,sunahebi,-,,,,,,,,,,,
844,sandaconda,サダイジャ,sadaija,-,,,,,,,,,,,
845,cramorant,ウッウ,uh'u,-,,,,,,,,,,,
846,arrokuda,サシカマス,sashikamasu,-,,,,,,,,,,,
847,barraskewda,カマスジョー,kamasujō,-,,,,,,,,,,,
848,toxel,エレズン,erezun,-,,,,,,,,,,,
849,toxtricity,ストリンダー,sutorindā,-,,,,,,,,,,,
850,sizzlipede,ヤクデ,akude,-,,,,,,,,,,,
851,centiskorch,マルヤクデ,maruakude,-,,,,,,,,,,,
852,clobbopus,タタッコ,tatakko,-,,,,,,,,,,,
853,grapploct,オトスパス,otosupasu,-,,,,,,,,,,,
854,sinistea,ヤバチャ,yabacha,-,,,,,,,,,,,
855,polteageist,ポットデス,pottodesu,-,,,,,,,,,,,
856,hatenna,ミブリム,miburimu,-,,,,,,,,,,,
857,hattrem,テブリム,teburimu,-,,,,,,,,,,,
858,hatterene,ブリムオン,burimuon,-,,,,,,,,,,,
859,impidimp,ベロバー,berobā,-,,,,,,,,,,,
860,morgrem,ギモー,gimō,-,,,,,,,,,,,
861,grimmsnarl,オーロンゲ,ōronge,-,,,,,,,,,,,
862,obstagoon,タチフサグマ,tachifusaguma,-,,,,,,,,,,,
863,perrserker,ニャイキング,nyaikingu,-,,,,,,,,,,,
864,cursola,サニゴーン,sanigōn,-,,,,,,,,,,,
865,sirfetch'd,ネギガナイト,negiganaito,-,,,,,,,,,,,
866,mr.rime,バリコオル,barikooru,-,,,,,,,,,,,
867,runerigus,デスバーン,desubān,-,,,,,,,,,,,
868,milcery,マホミル,mahomiru,-,,,,,,,,,,,
869,alcremie,マホイップ,mahoippu,-,,,,,,,,,,,
870,falinks,タイレーツ,tairēshi,-,,,,,,,,,,,
871,pincurchin,バチンウニ,bachin'uni,-,,,,,,,,,,,
872,snom,ユキハミ,yukihami,-,,,,,,,,,,,
873,frosmoth,モスノウ,mosunou,-,,,,,,,,,,,
874,stonjourner,イシヘンジン,ishihenjin,-,,,,,,,,,,,
875,eiscue,コオリッポ,koorippo,-,,,,,,,,,,,
876,indeedee,イエッサン,iessan,-,,,,,,,,,,,
877,morpeko,モルペコ,morupeko,-,,,,,,,,,,,
878,cufant,ゾウドウ,zoudou,-,,,,,,,,,,,
879,copperajah,ダイオウドウ,daioudou,-,,,,,,,,,,,
880,dracozolt,パッチラゴン,pacchiragon,-,,,,,,,,,,,
881,arctozolt,パッチルドン,pacchirudon,-,,,,,,,,,,,
882,dracovish,ウオノラゴン,uonoradon,-,,,,,,,,,,,
883,arctovish,ウオチルドン,uochirudon,-,,,,,,,,,,,
884,duraludon,ジュラルドン,jyurarudon,-,,,,,,,,,,,
885,dreepy,ドラメシヤ,dorameshiya,-,,,,,,,,,,,
886,drakloak,ドロンチ,doronchi,-,,,,,,,,,,,
887,dragapult,ドラパルト,doraparuto,-,,,,,,,,,,,
888,zacian,ザシアン,zashian,-,,,,,,,,,,,
889,zamazenta,ザマゼンタ,zamazenta,-,,,,,,,,,,,
890,eternatus,ムゲンダイナ,mugen'naito,mugenknight,,,,,,,,,,,
???,kubfu,ダクマ,dakuma,-,,,,,,,,,,,
???,urshifu,ウーラオス,ūraosu,-,,,,,,,,,,,
???,calyrex,バドレックス,badorekkusu,-,,,,,,,,,,,
???,zarude,ザルード,zarūde,zarude,,,,,,,,,,,
